X,FITS_SBS1.FITS.1.S154.L001,FITS_SBS1.FITS.2.S155.L001,FITS_SBS1.FITS.22.S167.L001,FITS_SBS1.FITS.4.S157.L001,FITS_SBS2.FITS.1.S170.L001,FITS_SBS2.FITS.17.S178.L001,FITS_SBS2.FITS.18.S179.L001,FITS_SBS2.FITS.19.S180.L001,FITS_SBS2.FITS.20.S181.L001,FITS_SBS2.FITS.21.S182.L001,FITS_SBS2.FITS.22.S183.L001,FITS_SBS2.FITS.23.S184.L001,FITS_SBS2.FITS.24.S185.L001,FITS_SBS2.FITS.6.S175.L001,FITS_SBS2.PITSFITS.10.S34.L001,FITS_SBS2.PITSFITS.11.S35.L001,FITS_SBS2.PITSFITS.12.S36.L001,FITS_SBS2.PITSFITS.14.S38.L001,FITS_SBS2.PITSFITS.16.S40.L001,FITS_SBS2.PITSFITS.9.S33.L001,FITS_SBS3.FITS.17.S194.L001,FITS_SBS3.FITS.19.S196.L001,FITS_SBS3.PITSFITS.10.S58.L001,FITS_SBS3.PITSFITS.11.S59.L001,FITS_SBS3.PITSFITS.13.S61.L001,FITS_SBS3.PITSFITS.14.S62.L001,FITS_SBS3.PITSFITS.15.S63.L001,FITS_SBS3.PITSFITS.16.S64.L001,FITS_SBS4.FITS.1.S202.L001,FITS_SBS4.FITS.17.S210.L001,FITS_SBS4.FITS.19.S212.L001,FITS_SBS4.FITS.2.S203.L001,FITS_SBS4.FITS.3.S204.L001,FITS_SBS4.FITS.4.S205.L001,FITS_SBS4.FITS.5.S206.L001,FITS_SBS4.FITS.6.S207.L001,FITS_SBS4.FITS.7.S208.L001,FITS_SBS4.FITS.8.S209.L001,FITS_SBS4.PITSFITS.10.S82.L001,FITS_SBS4.PITSFITS.11.S83.L001,FITS_SBS4.PITSFITS.12.S84.L001,FITS_SBS4.PITSFITS.13.S85.L001,FITS_SBS4.PITSFITS.15.S87.L001,FITS_SBS4.PITSFITS.16.S88.L001,FITS_SBS4.PITSFITS.9.S81.L001,FITS_SBS5.FITS.10.S227.L001,FITS_SBS5.FITS.12.S229.L001,FITS_SBS5.FITS.3.S220.L001,FITS_SBS5.FITS.5.S222.L001,FITS_SBS6.FITS.1.S242.L001,FITS_SBS6.FITS.17.S258.L001,FITS_SBS6.FITS.18.S259.L001,FITS_SBS6.FITS.21.S262.L001,FITS_SBS6.FITS.22.S263.L001,FITS_SBS6.FITS.4.S245.L001,FITS_SBS6.FITS.5.S246.L001,FITS_SBS6.FITS.6.S247.L001
Eukaryota;Ascomycota;Archaeorhizomycetes;Archaeorhizomycetales;Archaeorhizomycetaceae;Archaeorhizomyces;Archaeorhizomyces borealis,0,0,0,0,0,0,0,0,0,0,0,0,0,0,0,0,0,0,0,0,0,0,0,0,0,0,0,0,0,0,0,0,0,0,0,0,0,0,0,0,0,0,0,0,0,0,11,5,0,0,0,0,0,0,0,0,0
Eukaryota;Ascomycota;Dothideomycetes;Botryosphaeriales;Botryosphaeriaceae;Macrophomina;Macrophomina phaseolina,0,0,0,0,0,0,0,0,0,0,0,0,0,0,0,0,0,0,0,0,0,0,0,0,0,0,0,0,48,70,54,57,49,55,89,54,49,53,54,67,66,57,69,77,48,0,0,0,0,0,0,0,0,0,0,0,0
Eukaryota;Ascomycota;Dothideomycetes;Capnodiales;Cladosporiaceae;Cladosporium;,8,7,7,0,0,0,0,0,0,0,0,0,0,0,0,0,0,0,0,0,0,0,0,0,0,0,0,0,5,5,5,0,0,5,0,9,0,0,5,0,13,6,0,0,0,0,0,0,0,0,0,0,0,0,0,0,0
Eukaryota;Ascomycota;Dothideomycetes;Capnodiales;Cladosporiaceae;Cladosporium;Cladosporium rhusicola,0,0,0,0,0,0,0,0,0,0,0,0,0,0,0,0,0,0,0,0,0,0,0,0,0,0,0,0,0,0,0,0,0,0,6,0,0,0,0,0,0,0,0,0,0,0,0,0,0,0,0,0,0,0,0,0,0
Eukaryota;Ascomycota;Dothideomycetes;Capnodiales;Cladosporiaceae;Cladosporium;Cladosporium sp. CBS 125.88,0,0,0,0,0,0,0,0,0,0,0,0,0,0,0,0,0,0,0,0,0,0,0,0,0,0,0,0,18,13,23,11,18,13,8,12,11,29,20,13,16,22,25,11,15,0,0,0,0,0,0,0,0,0,0,0,0
Eukaryota;Ascomycota;Dothideomycetes;Capnodiales;Cladosporiaceae;Neocladosporium;Neocladosporium leucadendri,0,0,15,0,0,0,6,0,0,0,8,12,0,0,0,8,0,0,0,0,0,0,0,0,0,0,0,0,0,0,0,0,0,0,0,0,0,0,0,0,0,0,0,0,0,0,0,0,0,0,0,0,0,0,0,0,0
Eukaryota;Ascomycota;Dothideomycetes;Capnodiales;Teratosphaeriaceae;Capnobotryella;Capnobotryella sp. MA 4642,9,13,18,17,0,0,0,0,0,0,0,0,0,0,0,0,0,0,0,0,0,0,0,0,0,0,0,0,0,0,0,0,0,0,0,0,0,0,0,0,0,0,0,0,0,0,0,0,0,0,0,0,0,0,0,0,0
Eukaryota;Ascomycota;Dothideomycetes;Capnodiales;Teratosphaeriaceae;Capnobotryella;Capnobotryella sp. nov. NH4-3,0,0,0,0,0,0,0,0,0,0,0,0,0,0,0,0,5,0,0,0,0,0,0,0,0,0,0,0,0,0,0,0,0,0,0,0,0,0,0,0,0,0,0,0,0,0,0,0,0,0,0,0,0,0,0,0,0
Eukaryota;Ascomycota;Dothideomycetes;Capnodiales;Teratosphaeriaceae;Devriesia;Devriesia pseudoamericana,7,0,0,0,0,0,0,0,0,0,0,0,0,0,0,0,0,0,0,0,0,0,0,0,0,0,0,0,0,0,0,0,0,0,0,0,0,0,0,0,0,0,0,0,0,0,0,0,0,0,0,0,0,0,0,0,0
Eukaryota;Ascomycota;Dothideomycetes;Capnodiales;Teratosphaeriaceae;NA;,0,0,0,9,0,0,0,0,0,0,0,0,0,0,0,0,0,0,0,0,0,0,0,0,0,0,0,0,0,0,0,0,0,0,0,0,0,0,0,0,0,0,0,0,0,0,0,0,0,0,0,0,0,0,0,0,0
Eukaryota;Ascomycota;Dothideomycetes;Dothideales;Dothideaceae;Scleroconidioma;Scleroconidioma sp. K22W31,0,0,0,0,0,0,0,0,0,0,7,0,0,0,0,0,0,0,0,0,0,0,0,0,0,0,0,0,0,0,0,0,0,0,0,0,0,0,0,0,0,0,0,0,0,0,0,0,0,0,0,0,0,0,0,0,0
Eukaryota;Ascomycota;Dothideomycetes;Dothideales;Dothioraceae;Hormonema;,0,0,0,0,0,0,0,0,0,0,0,0,0,0,0,0,0,0,0,0,0,0,0,0,0,0,0,0,0,0,0,0,0,0,0,0,0,5,0,0,0,0,0,0,0,0,0,0,0,0,0,0,0,0,0,0,0
Eukaryota;Ascomycota;Dothideomycetes;Dothideales;Dothioraceae;Pseudoseptoria;Pseudoseptoria obscura,0,0,0,0,0,0,0,7,0,0,0,0,0,0,0,0,0,0,0,19,0,0,0,0,0,0,0,0,0,0,0,0,0,0,0,0,0,0,0,0,0,0,0,0,0,0,0,0,0,0,0,0,0,0,0,0,0
Eukaryota;Ascomycota;Dothideomycetes;Dothideales;NA;NA;Dothideales sp. P44C001,13,0,0,0,0,13,0,0,0,0,0,0,0,0,0,0,0,0,0,0,0,0,0,0,0,0,0,0,0,0,0,0,0,0,0,0,0,0,0,0,0,0,0,0,0,0,0,0,0,0,0,0,0,0,0,0,0
Eukaryota;Ascomycota;Dothideomycetes;Dothideales;Saccotheciaceae;Aureobasidium;,70,59,51,112,0,0,0,0,0,20,14,0,12,0,12,10,14,0,0,0,0,0,0,0,0,0,0,0,12,14,19,0,12,0,19,0,15,0,13,0,15,13,0,0,0,0,0,0,0,0,0,0,0,0,0,0,0
Eukaryota;Ascomycota;Dothideomycetes;Dothideales;Saccotheciaceae;Aureobasidium;Aureobasidium pullulans,55,50,46,55,11,13,8,12,12,0,0,0,0,11,0,0,0,8,0,0,0,0,0,0,0,0,0,0,0,0,0,0,0,6,0,0,0,0,0,16,0,0,0,10,0,0,0,0,0,0,0,0,0,0,0,0,0
Eukaryota;Ascomycota;Dothideomycetes;Minutisphaerales;Minutisphaeraceae;Minutisphaera;Minutisphaera aspera,0,0,0,0,0,0,0,0,0,0,0,0,0,0,0,0,0,0,0,0,0,0,0,0,0,0,0,0,0,0,0,0,0,0,0,0,0,0,0,0,0,0,0,0,0,0,0,0,0,117,152,87,144,126,167,107,105
Eukaryota;Ascomycota;Dothideomycetes;Mytilinidiales;Mytilinidiaceae;Mytilinidion;Mytilinidion californicum,0,0,0,0,0,0,0,0,0,0,0,0,0,0,0,0,0,0,0,0,6,6,0,0,0,5,0,0,0,0,5,11,6,5,12,12,5,17,23,19,16,16,13,12,17,0,0,0,0,0,0,0,0,0,0,0,0
Eukaryota;Ascomycota;Dothideomycetes;NA;NA;NA;Dothideomycetes sp.,5,9,0,0,0,0,0,0,0,0,0,0,0,0,0,0,0,0,0,0,0,0,0,0,0,0,0,0,0,0,0,0,0,0,0,0,0,0,0,0,0,0,0,0,0,0,0,0,0,0,0,0,0,0,0,0,0
Eukaryota;Ascomycota;Dothideomycetes;Pleosporales;Coniothyriaceae;Coniothyrium;,0,0,0,0,11,0,0,0,0,0,0,0,7,0,0,11,8,0,0,0,0,0,5,0,7,0,0,5,0,0,0,0,0,0,0,0,0,0,0,0,0,0,0,0,0,0,0,0,0,0,0,0,0,0,0,0,0
Eukaryota;Ascomycota;Dothideomycetes;Pleosporales;Coniothyriaceae;Coniothyrium;Coniothyrium sp. JK40,79,112,114,121,0,0,0,0,0,0,0,0,0,0,0,0,0,0,0,0,0,0,0,0,0,0,0,0,0,0,0,0,0,0,0,0,0,0,0,0,0,0,0,0,0,0,0,0,0,0,0,0,0,0,0,0,0
Eukaryota;Ascomycota;Dothideomycetes;Pleosporales;Cucurbitariaceae;Pyrenochaeta;Pyrenochaeta inflorescentiae,0,0,0,0,0,0,0,0,0,0,0,0,0,0,0,0,0,0,0,0,0,0,0,0,0,0,0,0,0,0,0,0,0,0,0,0,6,0,0,0,0,0,0,0,0,0,0,0,0,0,0,0,0,0,0,0,0
Eukaryota;Ascomycota;Dothideomycetes;Pleosporales;Cucurbitariaceae;Pyrenochaeta;Pyrenochaeta sp. MUT 4378,0,0,0,0,5,0,0,0,0,0,0,0,0,0,0,0,0,0,0,0,0,0,0,0,0,0,0,0,0,0,0,0,0,0,0,0,0,0,0,0,0,0,0,0,0,0,0,0,0,0,0,0,0,0,0,0,0
Eukaryota;Ascomycota;Dothideomycetes;Pleosporales;Cucurbitariaceae;Pyrenochaeta;Pyrenochaeta sp. shylm24,0,0,0,0,0,0,0,0,0,0,0,0,0,0,0,0,0,0,0,0,21,5,21,33,30,20,16,22,39,30,48,114,89,84,0,103,115,46,66,62,90,64,105,77,110,0,0,0,0,0,0,0,0,0,0,0,0
Eukaryota;Ascomycota;Dothideomycetes;Pleosporales;Didymellaceae;Ascochyta;Ascochyta caulina,0,0,0,0,0,0,0,0,0,0,0,0,0,0,0,0,0,0,0,0,11,0,0,6,0,0,0,0,0,0,0,0,0,0,0,0,0,0,0,0,0,0,0,0,0,0,0,0,0,0,0,0,0,0,0,0,0
Eukaryota;Ascomycota;Dothideomycetes;Pleosporales;Didymellaceae;Phoma;Phoma sp. ATCC MYA-3200,0,0,0,0,0,0,0,0,0,0,0,0,0,0,0,0,0,0,0,0,18,18,14,21,0,11,18,7,0,0,0,0,0,0,0,0,0,0,0,0,0,0,0,0,0,0,0,0,0,0,0,0,0,0,0,0,0
Eukaryota;Ascomycota;Dothideomycetes;Pleosporales;Didymosphaeriaceae;Paraphaeosphaeria;Paraphaeosphaeria michotii,0,0,0,0,0,0,0,0,0,0,0,0,0,0,0,0,0,0,0,0,22,9,0,0,19,11,15,17,0,0,0,0,0,0,0,0,0,0,0,0,0,0,0,0,0,0,0,0,0,0,0,0,0,0,0,0,0
Eukaryota;Ascomycota;Dothideomycetes;Pleosporales;Didymosphaeriaceae;Paraphaeosphaeria;Paraphaeosphaeria sporulosa,0,0,0,0,0,0,0,0,0,0,0,0,0,0,0,0,0,0,0,0,0,0,0,0,0,0,0,0,10,9,0,0,8,0,7,5,0,8,0,0,0,0,0,5,0,0,0,0,0,0,0,0,0,0,0,0,0
Eukaryota;Ascomycota;Dothideomycetes;Pleosporales;Lentitheciaceae;Darksidea;Darksidea epsilon,0,0,0,0,0,0,0,0,0,0,0,0,0,0,0,0,0,0,0,0,10,0,0,0,0,0,0,0,0,0,0,0,0,0,0,0,0,0,0,0,0,0,0,0,0,0,0,0,0,0,0,0,0,0,0,0,0
Eukaryota;Ascomycota;Dothideomycetes;Pleosporales;Leptosphaeriaceae;Leptosphaeria;Leptosphaeria proteicola,0,7,0,0,0,0,0,0,0,0,0,0,0,0,0,0,0,0,0,0,0,0,0,0,0,0,0,0,0,0,0,0,0,0,0,0,0,0,0,0,0,0,0,0,0,0,0,0,0,0,0,0,0,0,0,0,0
Eukaryota;Ascomycota;Dothideomycetes;Pleosporales;Massarinaceae;Stagonospora;Stagonospora sp. VegaE2-84,0,0,0,0,0,0,0,0,0,0,0,0,0,0,0,0,0,0,0,0,22,36,10,22,13,20,15,36,0,0,0,0,0,0,0,0,0,0,0,0,0,0,0,0,0,0,0,0,0,0,0,0,0,0,0,0,0
Eukaryota;Ascomycota;Dothideomycetes;Pleosporales;NA;;,0,0,0,0,0,0,0,0,0,0,0,0,0,0,5,0,0,0,0,0,0,0,0,0,0,17,0,0,45,44,49,29,48,29,29,33,33,37,25,49,31,43,47,38,47,0,0,0,0,0,0,0,0,0,0,0,0
Eukaryota;Ascomycota;Dothideomycetes;Pleosporales;NA;Camarographium;Camarographium carpini,0,0,0,0,0,0,0,0,0,0,0,0,0,0,0,0,0,0,0,0,0,0,0,0,0,0,0,0,0,0,0,0,0,0,0,0,0,5,0,0,0,0,0,0,0,0,0,0,0,0,0,0,0,0,0,0,0
Eukaryota;Ascomycota;Dothideomycetes;Pleosporales;NA;NA;Pleosporales sp.,0,5,0,11,0,0,0,0,0,0,0,0,0,0,0,5,0,0,0,17,0,0,0,0,0,0,0,0,7,0,17,0,11,10,13,8,14,8,15,0,0,10,0,8,0,0,0,0,0,0,0,0,0,0,0,0,0
Eukaryota;Ascomycota;Dothideomycetes;Pleosporales;NA;NA;Pleosporales sp. 9 KB-2015,51,40,47,57,725,735,847,868,782,874,737,741,979,903,815,744,913,960,887,863,0,0,0,0,0,0,0,0,0,0,0,0,0,0,0,0,0,0,0,0,0,0,0,0,0,0,0,0,0,0,0,0,0,0,0,0,0
Eukaryota;Ascomycota;Dothideomycetes;Pleosporales;NA;NA;Pleosporales sp. MU-2009-2,0,0,8,0,0,0,0,0,0,0,0,0,0,0,0,0,0,0,0,0,0,0,0,0,0,0,0,0,36,35,66,37,39,54,40,28,38,33,28,51,22,54,62,40,39,0,0,0,0,0,0,0,0,0,0,0,0
Eukaryota;Ascomycota;Dothideomycetes;Pleosporales;NA;NA;Pleosporales sp. r059,8,8,7,0,0,0,0,0,0,0,0,0,0,0,0,0,0,0,0,0,0,0,0,0,0,0,0,0,0,0,0,0,0,0,0,0,0,0,0,0,0,0,0,0,0,0,0,0,0,0,0,0,0,0,0,0,0
Eukaryota;Ascomycota;Dothideomycetes;Pleosporales;NA;NA;Pleosporales sp. r292,0,14,0,0,0,0,0,0,0,0,0,0,0,0,0,0,0,0,0,0,0,0,0,0,0,0,0,0,0,0,0,0,0,0,0,0,0,0,0,0,0,0,0,0,0,0,0,0,0,0,0,0,0,0,0,0,0
Eukaryota;Ascomycota;Dothideomycetes;Pleosporales;NA;NA;Pleosporales sp. r305,34,24,47,18,0,0,0,0,0,0,0,0,0,0,0,0,0,0,0,0,0,0,0,0,0,0,0,0,0,0,0,0,0,0,0,0,0,0,0,0,0,0,0,0,0,0,0,0,0,0,0,0,0,0,0,0,0
Eukaryota;Ascomycota;Dothideomycetes;Pleosporales;Phaeosphaeriaceae;Didymocyrtis;,0,0,0,0,11,0,0,0,5,0,0,11,14,0,7,0,0,8,0,10,0,0,0,0,0,0,0,0,0,0,0,0,0,0,0,0,0,0,0,0,0,0,0,0,0,0,0,0,0,0,0,0,0,0,0,0,0
Eukaryota;Ascomycota;Dothideomycetes;Pleosporales;Phaeosphaeriaceae;NA;,7,0,5,0,0,0,0,0,0,0,0,0,0,0,0,0,0,0,0,0,0,0,0,0,0,0,0,0,0,0,0,0,0,0,0,0,0,0,0,0,0,0,0,0,0,0,0,0,0,0,0,0,0,0,0,0,0
Eukaryota;Ascomycota;Dothideomycetes;Pleosporales;Phaeosphaeriaceae;Neosetophoma;Neosetophoma italica,0,0,0,0,0,0,0,0,0,0,0,0,0,0,0,0,0,0,0,0,0,0,0,0,0,0,0,0,0,0,0,0,0,12,0,0,0,0,0,0,0,0,0,0,0,0,0,0,0,0,0,0,0,0,0,0,0
Eukaryota;Ascomycota;Dothideomycetes;Pleosporales;Phaeosphaeriaceae;Ophiosimulans;Ophiosimulans tanaceti,2522,3080,2733,3207,0,0,0,0,0,0,0,0,0,0,0,0,0,0,0,0,0,0,0,0,0,0,0,0,0,0,0,0,0,0,0,0,0,0,0,0,0,0,0,0,0,0,0,0,0,0,0,0,0,0,0,0,0
Eukaryota;Ascomycota;Dothideomycetes;Pleosporales;Phaeosphaeriaceae;Paraphoma;Paraphoma fimeti,0,0,0,0,0,0,0,0,0,0,0,0,0,0,0,0,0,0,0,0,0,0,0,0,0,0,0,0,34,22,21,44,28,28,36,30,28,20,25,35,35,47,47,22,21,0,0,0,0,0,0,0,0,0,0,0,0
Eukaryota;Ascomycota;Dothideomycetes;Pleosporales;Phaeosphaeriaceae;Parastagonospora;,0,0,0,0,0,0,0,0,0,0,0,0,0,0,0,0,0,0,0,0,0,0,0,0,0,0,0,0,0,0,7,7,11,0,0,7,6,10,0,19,0,0,9,6,11,0,0,0,0,0,0,0,0,0,0,0,0
Eukaryota;Ascomycota;Dothideomycetes;Pleosporales;Phaeosphaeriaceae;Parastagonospora;Parastagonospora nodorum,0,0,0,0,0,0,10,0,0,0,0,0,0,0,0,0,6,0,0,0,0,0,0,0,0,0,0,0,0,0,0,0,0,0,0,0,0,0,0,0,0,0,0,0,0,0,0,0,0,0,0,0,0,0,0,0,0
Eukaryota;Ascomycota;Dothideomycetes;Pleosporales;Phaeosphaeriaceae;Phaeosphaeria;Phaeosphaeria juncicola,0,0,0,0,0,0,0,0,0,0,0,0,0,0,0,0,0,0,0,0,0,0,0,0,0,0,0,0,0,0,10,0,0,0,0,0,0,0,0,0,0,0,0,0,0,0,0,0,0,0,0,0,0,0,0,0,0
Eukaryota;Ascomycota;Dothideomycetes;Pleosporales;Phaeosphaeriaceae;Sclerostagonospora;Sclerostagonospora sp. CBS 118152,103,108,104,121,0,0,0,12,13,18,0,13,0,24,0,9,0,22,19,17,0,0,0,0,0,0,0,0,0,0,0,0,0,0,0,0,0,0,0,0,0,0,0,0,0,0,0,0,0,0,0,0,0,0,0,0,0
Eukaryota;Ascomycota;Dothideomycetes;Pleosporales;Pleosporaceae;Alternaria;,30,23,0,5,0,0,6,8,13,15,12,6,14,10,8,0,6,8,0,0,13,26,18,15,19,14,0,11,5,9,8,0,0,0,0,0,0,9,0,0,0,0,0,0,0,0,0,0,0,0,0,0,0,0,0,0,0
Eukaryota;Ascomycota;Dothideomycetes;Pleosporales;Pleosporaceae;Alternaria;Alternaria atra,0,0,0,10,0,0,0,0,0,0,0,0,0,0,0,0,0,0,0,0,0,0,0,0,0,0,0,0,0,0,0,0,0,0,0,0,0,0,0,0,0,0,0,0,0,0,0,0,0,0,0,0,0,0,0,0,0
Eukaryota;Ascomycota;Dothideomycetes;Pleosporales;Pleosporaceae;Alternaria;Alternaria eureka,6,6,6,0,0,0,0,0,0,0,0,0,0,0,0,0,0,0,0,0,0,0,0,0,0,0,0,0,0,0,0,0,0,0,0,0,0,0,0,0,0,0,0,0,0,0,0,0,0,0,0,0,0,0,0,0,0
Eukaryota;Ascomycota;Dothideomycetes;Pleosporales;Pleosporaceae;Alternaria;Alternaria infectoria,24,12,0,0,0,0,0,0,0,0,0,0,0,0,0,0,0,0,0,0,0,0,0,0,0,0,0,0,0,0,0,0,0,0,0,0,0,0,0,0,0,0,0,0,0,0,0,0,0,0,0,0,0,0,0,0,0
Eukaryota;Ascomycota;Dothideomycetes;Pleosporales;Pleosporaceae;Alternaria;Alternaria leptinellae,15,21,15,16,0,0,0,0,0,0,0,0,0,0,0,0,0,0,0,0,0,0,0,0,0,0,0,0,0,0,0,0,0,0,0,0,0,0,0,0,0,0,0,0,0,0,0,0,0,0,0,0,0,0,0,0,0
Eukaryota;Ascomycota;Dothideomycetes;Pleosporales;Pleosporaceae;Alternaria;Alternaria malorum,0,0,0,0,0,0,0,0,0,0,0,0,0,0,0,0,0,0,0,0,405,372,420,431,456,434,513,554,0,0,0,0,0,0,0,0,0,0,0,0,0,0,0,0,0,0,0,0,0,0,0,0,0,0,0,0,0
Eukaryota;Ascomycota;Dothideomycetes;Pleosporales;Pleosporaceae;Curvularia;,0,0,0,0,0,0,0,0,0,0,0,0,0,0,0,0,0,0,0,0,0,0,0,0,0,0,0,0,0,0,0,0,0,0,0,0,8,5,0,0,0,0,0,0,0,0,0,0,0,0,0,0,0,0,0,0,0
Eukaryota;Ascomycota;Dothideomycetes;Pleosporales;Pleosporaceae;Drechslera;,219,256,251,262,58,49,35,54,70,54,12,47,45,48,51,43,48,45,50,58,0,0,0,0,0,0,0,0,97,122,141,102,127,114,118,104,102,118,126,94,118,98,98,87,107,0,0,7,0,0,0,0,0,0,0,0,0
Eukaryota;Ascomycota;Dothideomycetes;Pleosporales;Pleosporaceae;Drechslera;Drechslera biseptata,0,0,0,0,0,0,0,0,0,0,0,0,0,0,0,0,0,0,0,0,0,0,0,0,0,0,0,0,23,23,20,36,27,31,32,24,17,27,27,35,15,12,31,26,17,0,0,0,0,0,0,0,0,0,0,0,0
Eukaryota;Ascomycota;Dothideomycetes;Pleosporales;Pleosporaceae;Drechslera;Drechslera nobleae,0,0,0,0,0,0,0,0,0,0,0,0,0,0,0,0,0,0,0,0,0,0,0,0,0,0,0,0,20,19,28,19,21,14,18,11,18,28,31,20,26,16,19,25,35,0,0,0,0,0,0,0,0,0,0,0,0
Eukaryota;Ascomycota;Dothideomycetes;Pleosporales;Pleosporaceae;NA;,5,0,0,0,0,0,0,0,0,0,0,0,0,0,0,0,0,0,0,0,0,0,0,0,0,0,0,0,0,0,0,0,0,0,0,0,0,0,5,0,0,0,0,5,0,0,0,0,0,0,0,0,0,0,0,0,0
Eukaryota;Ascomycota;Dothideomycetes;Pleosporales;Pleosporaceae;NA;Pleosporaceae sp.,1159,1206,1131,990,69,111,96,74,88,133,99,108,105,76,130,69,89,101,132,98,19,0,0,0,14,10,0,0,720,961,716,801,831,698,737,771,846,713,735,744,799,756,773,836,753,0,0,0,0,0,0,0,0,0,0,0,0
Eukaryota;Ascomycota;Dothideomycetes;Pleosporales;Pleosporaceae;Pithomyces;Pithomyces chartarum,12,6,0,0,0,0,0,0,0,0,0,0,0,0,0,0,0,0,0,8,0,0,0,0,0,0,0,0,0,0,0,0,0,0,0,0,0,0,0,0,0,0,0,0,0,0,0,0,0,0,0,0,0,0,0,0,0
Eukaryota;Ascomycota;Dothideomycetes;Pleosporales;Pleosporaceae;Pyrenophora;,157,118,116,134,0,0,0,0,0,0,0,0,0,0,0,0,0,0,0,0,0,0,0,0,0,0,0,0,0,0,0,0,0,0,0,0,0,0,0,0,0,0,0,0,0,0,0,0,0,0,0,0,0,0,0,0,0
Eukaryota;Ascomycota;Dothideomycetes;Pleosporales;Pleosporaceae;Pyrenophora;Pyrenophora leucospermi,11,8,0,15,0,0,0,0,0,0,0,0,0,0,0,0,0,0,0,0,0,0,0,0,0,0,0,0,0,0,0,0,0,0,0,0,0,0,0,0,0,0,0,0,0,0,0,0,0,0,0,0,0,0,0,0,0
Eukaryota;Ascomycota;Dothideomycetes;Pleosporales;Pleosporaceae;Pyrenophora;Pyrenophora seminiperda,0,0,5,0,0,0,0,0,0,0,0,0,0,0,0,0,0,0,5,0,0,0,0,0,0,0,0,0,0,0,0,0,0,0,0,0,0,0,0,0,0,0,0,0,0,0,0,0,0,0,0,0,0,0,0,0,0
Eukaryota;Ascomycota;Dothideomycetes;Pleosporales;Sporormiaceae;Preussia;Preussia australis,0,0,5,0,0,0,0,0,0,0,0,0,0,0,0,0,0,0,0,0,0,0,0,0,0,0,0,0,0,0,0,0,0,0,0,0,0,0,0,0,0,0,0,0,0,0,0,0,0,0,0,0,0,0,0,0,0
Eukaryota;Ascomycota;Dothideomycetes;Tubeufiales;Tubeufiaceae;Helicoma;Helicoma isiola,0,0,0,0,0,0,0,0,0,0,0,0,0,0,0,0,0,0,0,0,5,0,0,0,0,0,0,0,0,0,0,0,0,0,0,0,0,0,0,0,0,0,0,0,0,0,0,0,0,0,0,0,0,0,0,0,0
Eukaryota;Ascomycota;Dothideomycetes;Tubeufiales;Tubeufiaceae;Helicomyces;Helicomyces roseus,0,0,0,0,0,0,0,0,0,0,0,0,0,0,0,0,0,0,0,0,0,0,0,0,0,0,0,0,87,92,62,115,82,124,82,108,102,99,93,78,76,95,73,87,109,0,0,0,0,0,0,0,0,0,0,0,0
Eukaryota;Ascomycota;Dothideomycetes;Tubeufiales;Tubeufiaceae;Helicosporium;Helicosporium indicum,0,0,0,0,0,0,0,0,0,0,0,0,0,0,0,0,0,0,0,0,0,0,0,0,0,0,0,0,45,37,27,50,18,60,68,61,39,56,55,20,29,41,43,25,40,0,0,0,0,0,0,0,0,0,0,0,0
Eukaryota;Ascomycota;Dothideomycetes;Tubeufiales;Tubeufiaceae;Muripulchra;Muripulchra aquatica,0,0,0,0,0,0,0,0,0,0,0,0,0,0,0,0,0,0,0,0,0,0,0,0,0,0,0,0,0,0,0,0,5,0,0,0,0,0,0,0,0,0,0,0,0,0,0,0,0,0,0,0,0,0,0,0,0
Eukaryota;Ascomycota;Eurotiomycetes;Chaetothyriales;Cyphellophoraceae;Cyphellophora;,0,0,0,0,0,0,0,0,0,0,0,0,0,0,0,0,0,0,0,0,0,0,0,0,0,0,0,0,68,64,0,0,0,0,0,40,0,0,0,49,0,43,47,0,62,0,0,0,0,0,0,0,0,0,0,0,0
Eukaryota;Ascomycota;Eurotiomycetes;Chaetothyriales;Cyphellophoraceae;Cyphellophora;Cyphellophora gamsii,0,0,0,0,0,0,0,0,0,0,0,0,0,0,0,0,0,0,0,0,0,0,0,0,0,0,0,0,0,0,22,0,73,59,0,0,42,0,0,0,50,0,0,0,0,0,0,0,0,0,0,0,0,0,0,0,0
Eukaryota;Ascomycota;Eurotiomycetes;Chaetothyriales;Cyphellophoraceae;Cyphellophora;Cyphellophora reptans,0,0,0,0,0,0,0,0,0,0,0,0,0,0,0,0,0,0,0,0,0,0,0,0,0,0,0,0,10,19,0,18,7,10,7,13,19,24,18,15,11,14,22,12,18,0,0,0,0,0,0,0,0,0,0,0,0
Eukaryota;Ascomycota;Eurotiomycetes;Chaetothyriales;Cyphellophoraceae;Cyphellophora;Cyphellophora sp. NWHC 26464-03-01-02C,0,0,0,0,0,0,0,0,0,13,0,0,0,0,0,0,0,0,0,0,0,0,0,0,0,0,0,0,0,0,0,0,0,0,0,0,0,0,0,0,0,0,0,0,0,0,0,0,0,0,0,0,0,0,0,0,0
Eukaryota;Ascomycota;Eurotiomycetes;Chaetothyriales;Herpotrichiellaceae;Capronia;Capronia sp. EXF-9885,0,0,0,0,0,0,0,0,0,0,0,0,0,0,0,0,0,0,0,0,0,0,0,0,0,0,0,0,13,18,18,15,13,29,22,35,24,23,10,0,18,24,21,18,0,0,0,0,0,0,0,0,0,0,0,0,0
Eukaryota;Ascomycota;Eurotiomycetes;Chaetothyriales;Herpotrichiellaceae;Cladophialophora;,0,0,0,0,0,0,0,0,0,0,0,0,0,0,0,0,0,0,0,0,0,0,0,0,0,0,0,0,0,0,0,0,0,0,0,0,0,0,0,11,0,0,0,0,0,0,0,0,0,0,0,0,0,0,0,0,0
Eukaryota;Ascomycota;Eurotiomycetes;Chaetothyriales;Herpotrichiellaceae;Cladophialophora;Cladophialophora bantiana,0,0,0,0,0,0,0,0,0,0,0,0,0,0,0,0,0,0,0,0,0,0,0,23,0,0,0,0,0,0,0,0,0,0,0,0,0,0,0,0,0,0,0,0,0,0,0,0,0,0,0,0,0,0,0,0,0
Eukaryota;Ascomycota;Eurotiomycetes;Chaetothyriales;Herpotrichiellaceae;Cladophialophora;Cladophialophora carrionii,0,0,0,0,0,0,0,0,0,0,0,0,0,0,0,0,0,0,0,0,0,0,0,0,0,0,0,0,0,0,0,0,6,12,0,0,8,0,0,0,0,0,0,0,0,0,0,0,0,0,0,0,0,0,0,0,0
Eukaryota;Ascomycota;Eurotiomycetes;Chaetothyriales;Herpotrichiellaceae;Cladophialophora;Cladophialophora chaetospira,3870,3526,3607,3404,213,222,247,259,261,269,152,247,299,235,219,223,221,206,288,145,728,638,592,777,701,665,755,732,863,873,855,804,935,837,798,860,836,813,769,815,747,808,850,793,899,0,0,0,0,0,0,0,0,0,0,0,0
Eukaryota;Ascomycota;Eurotiomycetes;Chaetothyriales;Herpotrichiellaceae;Cladophialophora;Cladophialophora devriesii,0,0,0,0,0,0,0,0,0,0,0,0,0,0,0,0,0,0,0,0,0,0,0,0,0,0,0,0,0,0,0,0,0,8,0,0,0,0,0,0,0,0,0,0,0,0,0,0,0,0,0,0,0,0,0,0,0
Eukaryota;Ascomycota;Eurotiomycetes;Chaetothyriales;Herpotrichiellaceae;Cladophialophora;Cladophialophora emmonsii,0,0,0,0,0,0,0,0,0,0,0,0,0,0,0,0,0,0,0,0,8554,8329,8027,8180,8345,8074,7868,7617,0,0,0,0,0,0,0,0,0,0,0,0,0,0,0,0,0,0,0,0,0,0,0,0,0,0,0,0,0
Eukaryota;Ascomycota;Eurotiomycetes;Chaetothyriales;Herpotrichiellaceae;Cladophialophora;Cladophialophora sp.,0,0,0,0,0,0,0,0,0,0,0,0,0,0,0,0,0,0,0,0,0,0,0,0,0,0,0,0,14,0,11,0,0,6,0,0,0,14,10,0,0,0,0,13,6,0,0,0,0,0,0,0,0,0,0,0,0
Eukaryota;Ascomycota;Eurotiomycetes;Chaetothyriales;Herpotrichiellaceae;Cladophialophora;Cladophialophora sp. KO-groupK 2014,0,0,0,22,0,0,0,0,0,0,0,0,0,0,0,0,0,0,0,0,0,0,0,0,0,0,0,0,0,0,0,0,0,0,0,0,0,0,0,0,0,0,0,0,0,0,0,0,0,0,0,0,0,0,0,0,0
Eukaryota;Ascomycota;Eurotiomycetes;Chaetothyriales;Herpotrichiellaceae;Exophiala;,11,0,0,0,15,27,27,20,22,39,31,25,13,26,0,6,20,0,14,28,65,65,80,88,64,78,64,79,909,920,989,1004,863,819,868,899,831,861,909,776,863,779,848,956,805,836,942,853,895,26,46,33,39,55,34,43,40
Eukaryota;Ascomycota;Eurotiomycetes;Chaetothyriales;Herpotrichiellaceae;Exophiala;Exophiala angulospora,0,0,0,0,0,0,0,0,0,0,0,0,0,0,0,0,0,0,0,0,9,9,11,0,8,10,0,11,0,0,0,0,0,0,0,0,0,0,0,0,0,0,0,0,0,0,0,0,0,0,0,0,0,0,0,0,0
Eukaryota;Ascomycota;Eurotiomycetes;Chaetothyriales;Herpotrichiellaceae;Exophiala;Exophiala bonariae,0,0,0,0,73,79,101,69,72,93,70,75,78,77,49,83,69,126,100,67,0,0,0,0,0,0,0,0,203,202,219,205,204,224,210,202,237,195,184,170,206,209,204,219,206,0,0,0,0,0,0,0,0,0,0,0,0
Eukaryota;Ascomycota;Eurotiomycetes;Chaetothyriales;Herpotrichiellaceae;Exophiala;Exophiala capensis,20,23,22,9,0,0,0,0,0,0,0,0,0,0,0,0,0,0,0,0,0,0,0,0,0,0,0,0,0,0,0,0,0,0,0,0,0,0,0,0,0,0,0,0,0,0,0,0,0,0,0,0,0,0,0,0,0
Eukaryota;Ascomycota;Eurotiomycetes;Chaetothyriales;Herpotrichiellaceae;Exophiala;Exophiala castellanii,0,0,0,0,0,0,0,0,0,0,0,0,0,0,0,0,0,0,0,0,0,0,0,0,0,0,0,0,0,0,0,0,0,0,0,0,0,0,0,0,0,0,0,0,13,0,0,0,0,0,0,0,0,0,0,0,0
Eukaryota;Ascomycota;Eurotiomycetes;Chaetothyriales;Herpotrichiellaceae;Exophiala;Exophiala lacus,0,0,0,0,0,0,0,0,0,0,0,0,0,0,0,0,0,0,0,0,62,68,54,47,64,32,69,100,0,0,0,0,0,0,0,0,0,0,0,0,0,0,0,0,0,0,0,0,0,0,0,0,0,0,0,0,0
Eukaryota;Ascomycota;Eurotiomycetes;Chaetothyriales;Herpotrichiellaceae;Exophiala;Exophiala pisciphila,0,0,0,0,0,0,0,0,0,0,0,0,0,0,0,0,0,0,0,0,53,74,99,74,94,99,61,79,0,0,0,0,0,0,0,0,0,0,0,0,0,0,0,0,0,0,0,0,0,0,0,0,0,0,0,0,0
Eukaryota;Ascomycota;Eurotiomycetes;Chaetothyriales;Herpotrichiellaceae;Exophiala;Exophiala psychrophila,0,0,0,0,0,0,0,0,0,0,0,0,0,0,0,0,0,0,0,0,0,0,0,0,0,0,8,0,29,0,0,0,0,0,0,19,0,0,0,0,0,11,0,20,0,0,0,0,0,0,0,0,0,0,0,0,0
Eukaryota;Ascomycota;Eurotiomycetes;Chaetothyriales;Herpotrichiellaceae;Exophiala;Exophiala salmonis,0,0,0,0,0,0,0,0,0,0,0,0,0,0,0,0,0,0,0,0,0,0,0,0,0,0,0,0,20,20,26,10,13,9,32,17,19,9,17,24,12,28,17,0,0,0,0,0,0,0,0,0,0,0,0,0,0
Eukaryota;Ascomycota;Eurotiomycetes;Chaetothyriales;Herpotrichiellaceae;Exophiala;Exophiala sp.,0,0,0,0,0,0,0,0,0,0,0,0,0,0,0,0,0,0,0,0,0,0,0,0,0,0,0,0,0,0,0,0,0,0,0,0,0,0,0,0,0,0,0,0,0,113,132,140,116,0,0,0,0,0,0,0,0
Eukaryota;Ascomycota;Eurotiomycetes;Chaetothyriales;Herpotrichiellaceae;Exophiala;Exophiala sp. STAF220,0,0,0,0,0,0,0,0,0,0,0,0,0,0,0,0,0,0,0,0,0,0,0,0,0,0,0,0,25,54,51,59,46,36,43,43,44,46,30,46,54,38,50,45,35,0,0,0,0,0,0,0,0,0,0,0,0
Eukaryota;Ascomycota;Eurotiomycetes;Chaetothyriales;Herpotrichiellaceae;Exophiala;Exophiala spinifera,0,0,0,0,0,0,0,0,0,0,0,0,0,0,0,0,0,0,0,0,0,0,0,0,0,0,0,0,0,0,7,0,0,0,0,0,0,0,0,12,0,0,0,0,0,0,0,0,0,0,0,0,0,0,0,0,0
Eukaryota;Ascomycota;Eurotiomycetes;Chaetothyriales;Herpotrichiellaceae;Minimelanolocus;Minimelanolocus asiaticus,0,0,0,0,0,0,0,0,0,0,0,0,0,0,0,0,0,0,0,0,0,0,0,0,0,0,0,0,22,25,25,29,39,0,0,32,14,31,16,33,6,14,0,8,31,679,749,761,772,0,0,0,0,0,0,0,0
Eukaryota;Ascomycota;Eurotiomycetes;Chaetothyriales;Herpotrichiellaceae;NA;,0,0,0,0,0,0,0,0,0,0,0,0,0,0,0,0,0,0,0,0,0,0,0,0,0,0,0,0,0,0,5,0,0,0,0,0,0,0,0,0,0,0,0,0,0,0,0,0,0,0,0,0,0,0,0,0,0
Eukaryota;Ascomycota;Eurotiomycetes;Chaetothyriales;Herpotrichiellaceae;NA;Herpotrichiellaceae sp.,34,22,38,35,197,187,207,229,245,214,218,175,248,202,199,146,204,163,200,210,0,0,0,0,0,0,0,0,720,625,779,724,689,699,719,707,612,648,695,685,657,651,678,696,642,0,9,7,0,0,0,0,0,0,0,0,0
Eukaryota;Ascomycota;Eurotiomycetes;Chaetothyriales;Herpotrichiellaceae;NA;Herpotrichiellaceae sp. wF5,0,0,0,0,0,0,0,0,0,0,0,0,0,0,0,0,0,0,0,0,0,0,0,0,0,0,0,0,0,9,0,6,12,5,0,0,0,17,7,0,0,0,10,0,0,0,0,0,0,0,0,0,0,0,0,0,0
Eukaryota;Ascomycota;Eurotiomycetes;Chaetothyriales;Herpotrichiellaceae;Phialophora;,0,0,6,0,0,0,0,0,0,0,0,0,0,0,0,0,0,0,0,0,293,243,345,356,323,339,359,366,147,180,159,186,137,124,150,141,150,157,129,158,176,160,88,137,126,0,0,0,0,0,0,0,0,0,0,0,0
Eukaryota;Ascomycota;Eurotiomycetes;Chaetothyriales;Herpotrichiellaceae;Phialophora;Phialophora americana,26,24,0,22,0,0,0,0,0,0,0,0,0,0,0,0,0,0,0,0,0,0,0,0,0,0,0,7,35,36,16,24,29,10,14,5,8,25,9,20,21,25,17,16,9,0,0,0,0,0,0,0,0,0,0,0,0
Eukaryota;Ascomycota;Eurotiomycetes;Chaetothyriales;Herpotrichiellaceae;Phialophora;Phialophora verrucosa,0,0,0,0,0,0,0,0,0,0,0,0,0,0,0,0,0,0,0,0,7,22,22,0,12,23,10,26,0,0,0,0,0,0,0,0,0,0,0,0,0,0,0,0,0,0,0,0,0,0,0,0,0,0,0,0,0
Eukaryota;Ascomycota;Eurotiomycetes;Chaetothyriales;Herpotrichiellaceae;Rhinocladiella;Rhinocladiella anceps,0,0,0,0,0,0,0,0,0,0,0,0,0,0,0,0,0,0,0,0,83,106,137,106,147,149,111,100,0,0,0,0,0,0,0,0,0,0,0,0,0,0,0,0,0,0,0,0,0,0,0,0,0,0,0,0,0
Eukaryota;Ascomycota;Eurotiomycetes;Chaetothyriales;Herpotrichiellaceae;Rhinocladiella;Rhinocladiella atrovirens,0,0,0,0,0,0,0,0,0,0,0,0,0,0,0,0,0,0,0,0,0,0,0,0,0,0,0,0,0,0,0,0,0,0,0,0,0,0,0,18,0,0,0,0,0,0,0,0,0,0,0,0,0,0,0,0,0
Eukaryota;Ascomycota;Eurotiomycetes;Chaetothyriales;Herpotrichiellaceae;Rhinocladiella;Rhinocladiella sp. MA 4765,6,0,0,0,0,0,0,0,0,0,0,0,0,0,0,0,0,0,0,0,0,0,0,0,0,0,0,0,0,0,0,0,0,0,0,0,0,0,0,0,0,0,0,0,0,0,0,0,0,0,0,0,0,0,0,0,0
Eukaryota;Ascomycota;Eurotiomycetes;Chaetothyriales;Herpotrichiellaceae;Veronaea;,0,13,0,0,19,16,7,10,33,17,31,13,36,13,22,6,13,47,0,14,0,0,0,0,0,0,0,0,0,0,0,0,0,0,0,0,0,0,0,0,0,0,0,0,0,0,0,0,0,0,0,0,0,0,0,0,0
Eukaryota;Ascomycota;Eurotiomycetes;Chaetothyriales;NA;;,420,403,427,455,387,308,338,298,321,351,259,388,428,284,323,277,364,307,366,293,0,0,0,0,0,0,0,0,0,0,0,0,0,0,0,0,0,0,0,0,0,0,0,0,0,0,0,0,0,0,0,0,0,0,0,0,0
Eukaryota;Ascomycota;Eurotiomycetes;Chaetothyriales;NA;NA;Chaetothyriales sp.,2910,2700,2665,2541,481,576,514,589,587,604,569,552,711,553,546,499,614,565,573,527,0,0,0,0,0,0,0,0,38,39,20,41,34,42,33,37,48,19,40,41,33,46,45,32,17,0,0,0,0,0,0,0,0,0,0,0,0
Eukaryota;Ascomycota;Eurotiomycetes;Chaetothyriales;NA;NA;Chaetothyriales sp. 16708,0,8,0,0,0,0,0,5,0,0,0,0,0,0,0,0,0,0,0,0,0,0,0,0,0,0,0,0,0,0,0,0,0,0,0,0,0,0,0,0,0,0,0,0,0,0,0,0,0,0,0,0,0,0,0,0,0
Eukaryota;Ascomycota;Eurotiomycetes;Chaetothyriales;NA;NA;Chaetothyriales sp. EXP0398F,0,0,0,0,0,0,0,0,0,0,0,0,0,0,0,0,0,0,0,0,0,0,0,0,0,0,0,0,0,0,0,0,0,0,0,0,0,0,5,0,0,0,0,0,0,0,0,0,0,0,0,0,0,0,0,0,0
Eukaryota;Ascomycota;Eurotiomycetes;Chaetothyriales;NA;NA;Chaetothyriales sp. MP-2014,0,0,0,0,0,0,0,0,0,0,0,0,0,0,0,0,0,0,0,0,0,0,0,0,0,0,0,0,7,0,0,6,6,17,0,5,0,9,0,0,11,0,0,0,0,0,0,0,0,0,0,0,0,0,0,0,0
Eukaryota;Ascomycota;Eurotiomycetes;Chaetothyriales;Trichomeriaceae;Knufia;,62,86,101,57,0,0,0,0,0,0,0,0,0,0,0,0,0,0,0,0,0,0,0,0,0,0,0,0,0,0,0,0,0,0,0,0,0,0,0,0,0,0,0,0,0,0,0,0,0,0,0,0,0,0,0,0,0
Eukaryota;Ascomycota;Eurotiomycetes;Chaetothyriales;Trichomeriaceae;Knufia;Knufia sp.,0,0,5,0,0,0,0,0,0,0,0,0,0,0,0,0,0,0,0,0,0,0,0,0,0,0,0,0,0,0,0,0,0,0,0,0,0,0,0,0,0,0,0,0,0,0,0,0,0,0,0,0,0,0,0,0,0
Eukaryota;Ascomycota;Eurotiomycetes;Chaetothyriales;Trichomeriaceae;Trichomerium;Trichomerium dioscoreae,0,0,13,0,0,0,0,0,0,0,0,0,0,0,0,0,0,0,0,0,0,0,0,0,0,0,0,0,0,0,0,0,0,0,0,0,0,0,0,0,0,0,0,0,0,0,0,0,0,0,0,0,0,0,0,0,7
Eukaryota;Ascomycota;Eurotiomycetes;Eurotiales;Aspergillaceae;Aspergillus;,0,0,0,0,0,0,0,0,0,0,0,0,0,0,0,0,0,0,0,0,68,70,78,53,55,51,61,0,0,16,0,0,7,15,20,18,32,30,14,0,17,19,21,31,0,0,0,0,0,0,0,0,0,0,0,0,0
Eukaryota;Ascomycota;Eurotiomycetes;Eurotiales;Aspergillaceae;Aspergillus;Aspergillus europaeus,0,0,0,0,0,0,0,0,9,0,0,0,0,0,0,0,0,0,0,0,0,0,0,0,0,0,0,0,0,0,0,0,0,0,0,0,0,0,0,0,0,0,0,0,0,0,0,0,0,0,0,0,0,0,0,0,0
Eukaryota;Ascomycota;Eurotiomycetes;Eurotiales;Aspergillaceae;Penicillium;,0,0,0,0,0,0,0,0,0,0,0,0,0,0,0,0,0,0,0,0,8,6,11,10,6,8,0,6,0,0,0,0,0,0,0,0,0,0,0,0,0,6,0,6,5,0,0,0,0,0,0,0,0,0,0,0,0
Eukaryota;Ascomycota;Eurotiomycetes;Eurotiales;Aspergillaceae;Penicillium;Penicillium brevicompactum,0,0,0,0,0,0,0,0,0,0,0,0,0,0,0,0,0,0,0,0,0,8,0,0,0,0,0,0,0,0,0,0,0,0,0,0,0,0,0,0,0,0,0,0,0,0,0,0,0,0,0,0,0,0,0,0,0
Eukaryota;Ascomycota;Eurotiomycetes;Eurotiales;Aspergillaceae;Penicillium;Penicillium glabrum,0,0,0,0,0,0,0,0,0,0,0,0,0,0,0,0,0,0,0,0,0,0,0,0,0,0,0,0,0,0,0,0,0,0,0,0,0,5,0,0,0,0,0,0,0,0,0,0,0,0,0,0,0,0,0,0,0
Eukaryota;Ascomycota;Eurotiomycetes;Eurotiales;Aspergillaceae;Penicillium;Penicillium longicatenatum,0,0,0,0,0,0,0,0,0,0,0,0,0,0,0,0,0,0,0,0,0,0,5,0,0,0,5,0,0,0,0,0,0,0,0,0,0,0,0,0,0,0,0,0,0,0,0,0,0,0,0,0,0,0,0,0,0
Eukaryota;Ascomycota;Eurotiomycetes;Eurotiales;Aspergillaceae;Penicillium;Penicillium sp.,0,192,506,335,276,204,293,260,260,242,275,270,261,201,268,172,203,211,289,298,334,466,143,171,157,152,99,11,56,244,0,130,235,318,490,408,533,520,226,218,353,449,619,644,164,0,0,0,0,0,0,0,0,0,0,0,0
Eukaryota;Ascomycota;Eurotiomycetes;Eurotiales;Aspergillaceae;Penicillium;Penicillium sp. xz28,0,0,0,0,0,7,0,0,0,0,0,0,5,0,0,9,7,6,0,0,0,0,0,0,0,0,0,0,0,0,0,0,0,0,0,0,0,0,0,0,0,0,0,0,0,0,0,0,0,0,0,0,0,0,0,0,0
Eukaryota;Ascomycota;Eurotiomycetes;Eurotiales;Thermoascaceae;Byssochlamys;Byssochlamys verrucosa,0,0,0,0,26,19,22,0,0,8,7,9,0,8,0,9,14,0,0,28,0,0,0,0,0,0,0,0,0,0,0,0,0,0,0,0,0,0,0,0,0,0,0,0,0,0,0,0,0,0,0,0,0,0,0,0,0
Eukaryota;Ascomycota;Eurotiomycetes;Eurotiales;Trichocomaceae;Sagenomella;Sagenomella striatispora,0,0,0,0,0,0,0,0,0,0,0,0,0,0,0,0,0,0,0,0,0,0,0,5,0,0,8,0,0,0,0,0,0,0,0,0,0,0,0,0,0,0,0,0,0,0,0,0,0,0,0,0,0,0,0,0,0
Eukaryota;Ascomycota;Eurotiomycetes;Eurotiales;Trichocomaceae;Talaromyces;Talaromyces purpureogenus,0,0,0,0,0,0,0,0,0,0,0,0,0,0,0,0,0,0,0,0,21,12,20,23,20,19,19,31,0,0,0,0,0,0,0,0,0,0,0,0,0,0,0,0,0,0,0,0,0,0,0,0,0,0,0,0,0
Eukaryota;Ascomycota;Eurotiomycetes;NA;;NA;,0,12,26,0,13,0,0,0,0,12,18,11,0,0,0,7,9,0,0,19,0,0,0,0,0,0,0,0,0,0,0,0,0,0,0,0,0,0,0,0,0,0,0,0,0,0,0,0,0,0,0,0,0,0,0,0,0
Eukaryota;Ascomycota;Eurotiomycetes;NA;;Spiromastix;,0,0,0,0,0,0,0,0,0,0,0,0,0,0,0,0,0,0,0,0,0,6,0,0,0,0,0,0,0,0,0,0,0,0,0,0,0,0,0,0,0,0,0,0,0,0,0,0,0,0,0,0,0,0,0,0,0
Eukaryota;Ascomycota;Eurotiomycetes;NA;NA;Spiromastix;Spiromastix sp. F19,0,0,0,0,0,0,0,0,0,0,0,0,0,0,0,0,0,0,0,0,0,0,0,0,0,0,8,8,0,0,0,0,0,0,0,0,0,0,0,0,0,0,0,0,0,0,0,0,0,0,0,0,0,0,0,0,0
Eukaryota;Ascomycota;Eurotiomycetes;Onygenales;Arthrodermataceae;Trichophyton;,0,0,0,0,0,0,0,0,0,0,0,0,0,0,0,0,0,0,0,0,0,0,0,0,5,0,0,0,0,0,0,0,0,0,0,0,0,0,0,0,0,0,0,0,0,0,0,0,0,0,0,0,0,0,0,0,0
Eukaryota;Ascomycota;Eurotiomycetes;Onygenales;Gymnoascaceae;Gymnoascus;,0,0,0,0,16,24,18,30,21,15,27,18,28,26,26,14,15,10,37,17,11,0,0,0,0,0,7,0,11,0,0,0,6,0,10,7,8,15,0,0,8,17,17,8,13,0,0,0,0,0,0,0,0,0,0,0,0
Eukaryota;Ascomycota;Eurotiomycetes;Onygenales;Gymnoascaceae;Leucothecium;Leucothecium emdenii,0,0,0,0,0,0,0,0,0,0,0,0,0,0,0,0,0,0,0,0,0,0,0,8,0,0,7,0,0,0,0,0,0,0,0,0,0,0,0,0,0,0,0,0,0,0,0,0,0,0,0,0,0,0,0,0,0
Eukaryota;Ascomycota;Eurotiomycetes;Onygenales;NA;;,0,0,0,0,0,0,0,0,0,0,0,0,0,0,0,0,0,0,0,0,0,0,0,0,0,0,0,0,0,0,0,0,0,0,0,0,0,0,0,0,0,0,0,0,0,15,36,20,25,0,0,0,0,0,0,0,0
Eukaryota;Ascomycota;Geoglossomycetes;Geoglossales;Geoglossaceae;Geoglossum;Geoglossum vleugelianum,0,0,0,0,0,0,0,0,0,0,0,0,0,0,0,0,0,0,0,0,0,0,0,0,0,0,0,0,0,0,0,0,0,0,0,0,0,0,0,0,0,0,0,0,0,5,0,0,0,0,0,0,0,0,0,0,0
Eukaryota;Ascomycota;Leotiomycetes;Helotiales;Hyaloscyphaceae;Microscypha;Microscypha sp. TNS-F18016,0,0,0,0,0,0,0,0,0,0,0,0,0,0,0,0,0,0,0,0,0,0,0,0,5,0,0,0,0,0,0,0,0,0,0,0,0,0,0,0,0,0,0,0,0,0,0,0,0,0,0,0,0,0,0,0,0
Eukaryota;Ascomycota;Leotiomycetes;Helotiales;NA;;,0,0,0,0,0,0,0,0,0,0,0,0,0,0,0,0,0,0,0,0,140,146,135,124,154,183,149,186,0,0,0,0,0,0,6,5,0,9,0,0,0,10,0,0,0,1657,1623,1458,1516,634,646,555,574,549,591,586,550
Eukaryota;Ascomycota;Leotiomycetes;Helotiales;NA;;Helotiales sp.,0,0,0,0,0,0,0,11,0,0,0,0,0,0,0,7,0,0,0,0,0,0,0,0,0,0,0,0,607,599,635,593,560,606,598,572,593,537,616,641,557,622,544,536,678,0,0,0,0,0,0,0,0,0,0,0,0
Eukaryota;Ascomycota;Leotiomycetes;Helotiales;NA;Cadophora;,7,16,8,0,0,0,0,0,0,0,0,0,0,0,0,0,0,0,0,0,0,0,0,0,0,0,0,0,11,17,0,8,13,8,9,10,0,0,13,13,16,10,0,5,11,178,186,228,205,0,0,5,0,0,0,0,0
Eukaryota;Ascomycota;Leotiomycetes;Helotiales;NA;Cadophora;Cadophora luteo-olivacea,20,28,20,38,124,86,120,104,146,126,130,145,150,106,88,71,104,139,106,97,64,73,79,99,71,103,88,103,77,87,76,63,54,55,76,78,69,95,56,94,77,79,64,57,76,0,0,0,0,0,0,0,0,0,0,0,0
Eukaryota;Ascomycota;Leotiomycetes;Helotiales;NA;Cadophora;Cadophora orchidicola,0,0,0,0,0,0,0,0,0,0,0,0,0,0,0,0,0,0,0,0,0,0,0,0,0,0,0,0,792,810,759,741,775,835,767,740,758,773,793,745,794,787,779,731,789,269,198,189,229,21,27,25,39,0,24,29,39
Eukaryota;Ascomycota;Leotiomycetes;Helotiales;NA;Cadophora;Cadophora sp.,0,0,0,0,0,0,0,0,0,0,0,0,0,0,0,0,0,0,0,0,70,50,63,49,59,62,55,74,0,0,0,0,0,0,0,0,0,0,0,0,0,0,0,0,0,58,0,52,0,0,0,0,0,0,21,10,0
Eukaryota;Ascomycota;Leotiomycetes;Helotiales;NA;Cadophora;Cadophora sp. AU_BD06,0,0,0,0,0,0,0,0,0,0,0,0,0,0,0,0,0,0,0,0,0,0,0,0,0,0,0,0,0,0,0,0,0,0,0,0,0,0,0,0,0,0,0,0,0,5,0,5,0,0,0,0,0,0,0,0,0
Eukaryota;Ascomycota;Leotiomycetes;Helotiales;NA;Leptodontidium;,0,0,0,0,0,0,0,0,0,0,0,0,0,0,0,0,0,0,0,0,0,0,0,0,0,0,0,0,0,0,0,0,0,0,0,0,0,0,0,0,0,0,0,0,0,285,150,220,266,0,0,0,0,0,0,0,0
Eukaryota;Ascomycota;Leotiomycetes;Helotiales;NA;Leptodontidium;Leptodontidium sp.,0,0,0,0,0,0,0,0,0,0,0,0,0,0,0,0,0,0,0,0,0,0,0,0,0,0,0,0,0,0,0,0,0,0,0,0,0,0,0,0,0,0,0,0,0,2695,2621,2720,2269,84,43,71,43,36,35,0,57
Eukaryota;Ascomycota;Leotiomycetes;Helotiales;NA;NA;ericoid mycorrhizal sp. Sd2,0,0,0,0,38,36,25,0,29,25,27,15,63,19,25,26,35,21,19,35,0,0,0,0,0,0,0,0,0,0,0,0,0,0,0,0,0,0,0,0,0,0,0,0,0,0,0,0,0,0,0,0,0,0,0,0,0
Eukaryota;Ascomycota;Leotiomycetes;Helotiales;NA;NA;Helotiales sp.,0,0,0,0,0,0,0,0,0,0,0,0,0,0,0,0,0,0,0,0,5,0,0,0,0,0,0,6,0,0,0,0,0,0,0,0,0,0,0,0,0,0,0,0,0,0,7,0,0,161,182,156,129,146,106,147,108
Eukaryota;Ascomycota;Leotiomycetes;Helotiales;NA;NA;Helotiales sp. REF045,0,0,0,0,0,0,0,0,0,0,0,0,0,0,0,0,0,0,0,0,0,0,0,0,0,0,0,0,0,0,0,0,0,0,0,0,0,0,0,0,0,0,0,0,0,6,11,5,0,0,0,0,0,0,0,0,0
Eukaryota;Ascomycota;Leotiomycetes;Helotiales;NA;NA;Helotiales sp. REF050,0,0,0,0,0,0,0,0,0,0,0,0,0,0,0,0,0,0,0,0,0,0,0,0,0,0,0,0,0,0,0,0,0,0,0,0,0,0,0,0,0,0,0,0,0,0,0,0,12,0,0,0,0,0,0,0,0
Eukaryota;Ascomycota;Leotiomycetes;Helotiales;NA;Phialocephala;Phialocephala fluminis,935,812,812,703,0,0,0,0,0,0,0,0,0,0,0,0,0,0,0,0,0,0,0,0,0,0,0,0,0,0,0,0,0,0,0,0,0,0,0,0,0,0,0,0,0,0,0,0,0,0,0,0,0,0,0,0,0
Eukaryota;Ascomycota;Leotiomycetes;Helotiales;Rutstroemiaceae;NA;,0,0,0,0,15,7,20,16,9,18,13,13,16,18,11,16,10,14,0,12,0,0,0,0,0,0,0,0,0,0,0,0,0,0,0,0,0,0,0,0,0,0,0,0,0,0,0,0,0,0,0,0,0,0,0,0,0
Eukaryota;Ascomycota;Leotiomycetes;Helotiales;Rutstroemiaceae;Rutstroemia;,0,7,0,0,12131,12240,11983,11951,11791,11838,12096,11939,11234,12057,12166,12447,12138,12037,11861,12198,0,0,0,0,0,0,0,0,631,692,834,650,664,607,707,725,562,717,593,649,582,598,607,697,682,0,0,0,0,0,0,0,0,0,0,0,0
Eukaryota;Ascomycota;Leotiomycetes;NA;;Leohumicola;,0,0,0,0,0,0,0,0,0,0,0,0,0,0,0,0,0,0,0,0,0,0,0,0,0,0,0,0,0,0,0,0,0,0,0,0,0,0,0,0,0,0,0,0,0,0,0,0,0,5,0,0,0,0,0,0,0
Eukaryota;Ascomycota;Leotiomycetes;NA;NA;NA;Leotiomycetes sp. LAB-2013,124,139,97,111,0,0,0,0,0,0,0,0,0,0,0,0,0,0,0,0,0,0,0,0,0,0,0,0,0,0,0,0,0,0,0,0,0,0,0,0,0,0,0,0,0,0,0,0,0,0,0,0,0,0,0,0,0
Eukaryota;Ascomycota;Leotiomycetes;NA;NA;Scytalidium;Scytalidium sp. JCM 28058,0,0,0,0,0,0,0,0,0,0,0,0,0,0,0,0,0,0,0,0,0,0,6,0,0,7,19,10,0,0,0,0,0,0,0,0,0,0,0,0,0,0,0,0,0,0,0,0,0,0,0,0,0,0,0,0,0
Eukaryota;Ascomycota;Leotiomycetes;NA;Pseudeurotiaceae;Geomyces;,0,0,0,0,0,0,0,0,0,0,0,0,0,0,0,0,0,0,0,0,35,39,25,29,31,34,28,27,0,0,0,0,0,0,0,0,0,0,0,0,0,0,0,0,0,0,0,0,0,0,0,0,0,0,0,0,0
Eukaryota;Ascomycota;Leotiomycetes;NA;Pseudeurotiaceae;Geomyces;Geomyces sp. 12NJ08,0,0,0,0,0,0,0,0,0,0,0,0,0,0,0,0,0,0,0,0,150,89,113,107,129,92,126,93,0,0,0,0,0,0,0,0,0,0,0,0,0,0,0,0,0,9,0,15,0,0,0,0,0,0,0,0,0
Eukaryota;Ascomycota;NA;;NA;;,0,0,53,0,0,0,0,0,0,0,0,0,0,0,0,0,0,0,0,0,232,268,257,262,225,228,236,268,0,0,73,0,0,0,0,5,0,0,0,5,0,0,0,0,0,2579,2490,2607,2380,0,0,0,0,0,0,0,0
Eukaryota;Ascomycota;NA;;NA;Tetracladium;,0,0,0,0,0,0,0,0,0,0,0,0,0,0,0,0,0,0,0,0,0,0,0,0,0,0,0,0,0,0,0,0,0,0,0,0,0,0,0,0,0,0,0,0,0,5,0,0,0,0,0,0,0,0,0,0,0
Eukaryota;Ascomycota;NA;;NA;Tetracladium;Tetracladium marchalianum,0,0,0,0,0,0,0,0,0,0,5,0,0,0,0,0,6,0,0,0,0,0,0,0,0,0,0,0,0,0,0,0,0,0,0,0,0,0,0,0,0,0,0,0,0,0,0,0,0,0,0,0,0,0,0,0,0
Eukaryota;Ascomycota;NA;NA;NA;Tetracladium;Tetracladium sp.,0,6,0,0,0,0,0,0,0,0,0,0,0,0,0,0,0,0,0,0,0,0,0,0,0,0,0,0,0,0,0,0,0,0,0,0,0,0,0,0,0,0,0,0,0,0,0,0,0,0,0,0,0,0,0,0,0
Eukaryota;Ascomycota;Orbiliomycetes;Orbiliales;Orbiliaceae;Dactylaria;Dactylaria sp. P7,0,0,0,0,0,0,0,0,0,0,0,0,0,0,0,0,0,0,0,0,0,0,0,0,0,0,0,0,0,21,14,0,9,16,13,15,7,0,0,0,0,0,0,27,13,0,0,0,0,0,0,0,0,0,0,0,0
Eukaryota;Ascomycota;Orbiliomycetes;Orbiliales;Orbiliaceae;Dactylella;Dactylella mammillata,0,0,0,0,0,0,0,0,0,0,0,0,0,0,0,0,0,0,0,0,0,0,0,0,0,0,0,0,0,0,0,0,0,0,0,0,0,0,0,0,0,0,0,6,6,0,0,0,0,0,0,0,0,0,0,0,0
Eukaryota;Ascomycota;Orbiliomycetes;Orbiliales;Orbiliaceae;Dactylella;Dactylella zhongdianensis,0,0,0,0,0,0,0,0,0,0,0,0,0,0,0,0,0,0,0,0,0,0,0,0,0,0,0,0,113,68,104,104,96,81,67,82,85,98,116,73,102,94,97,81,111,0,0,0,0,0,0,0,0,0,0,0,0
Eukaryota;Ascomycota;Pezizomycetes;NA;NA;NA;Pezizomycetes sp. BLD9,0,0,0,0,0,0,0,0,0,0,0,0,0,0,0,0,0,0,0,0,0,0,0,0,0,0,0,0,8,12,9,6,7,17,10,14,0,15,11,0,16,0,6,21,10,0,0,0,0,0,0,0,0,0,0,0,0
Eukaryota;Ascomycota;Pezizomycetes;Pezizales;NA;NA;Pezizales sp. ICMP 20644,0,0,0,7,0,0,0,0,0,0,0,0,0,0,0,0,0,0,0,0,0,0,0,0,0,0,0,0,0,0,0,0,0,0,0,0,0,0,0,0,0,0,0,0,0,0,0,0,0,0,0,0,0,0,0,0,0
Eukaryota;Ascomycota;Pezizomycetes;Pezizales;Pezizaceae;Chromelosporium;Chromelosporium carneum,0,0,0,0,0,0,0,0,8,0,0,0,0,0,0,0,0,0,0,0,0,0,0,0,0,0,0,0,0,0,0,0,0,0,0,0,0,0,0,0,0,0,0,0,0,0,0,0,0,0,0,0,0,0,0,0,0
Eukaryota;Ascomycota;Pezizomycetes;Pezizales;Pezizaceae;Peziza;Peziza moseri,0,0,0,0,0,0,0,0,0,0,0,0,5,0,0,0,0,0,0,0,0,0,0,0,0,0,0,0,0,0,0,0,0,0,0,0,0,0,0,0,0,0,0,0,0,0,0,0,0,0,0,0,0,0,0,0,0
Eukaryota;Ascomycota;Pezizomycetes;Pezizales;Pyronemataceae;Geopora;Geopora sp.,0,0,0,0,707,596,673,682,718,617,721,712,773,743,609,679,528,605,673,551,0,0,0,0,0,0,0,0,0,0,0,0,0,0,0,0,0,0,0,0,0,0,0,0,0,0,0,0,0,0,0,0,0,0,0,0,0
Eukaryota;Ascomycota;Pezizomycetes;Pezizales;Pyronemataceae;Kotlabaea;Kotlabaea danuviana,0,0,0,0,0,0,0,0,5,0,0,0,0,0,0,0,0,0,14,0,0,0,0,0,0,0,0,0,0,0,0,0,0,0,0,0,0,0,0,0,0,0,0,0,0,0,0,0,0,0,0,0,0,0,0,0,0
Eukaryota;Ascomycota;Pezizomycetes;Pezizales;Pyronemataceae;NA;,0,0,0,0,0,0,0,0,0,0,0,0,0,0,0,0,0,0,0,0,0,0,10,0,0,15,0,6,0,0,0,0,6,16,0,8,0,0,0,0,5,12,0,7,0,0,0,0,0,0,0,0,0,0,0,0,0
Eukaryota;Ascomycota;Pezizomycetes;Pezizales;Pyronemataceae;Scutellinia;Scutellinia cejpii,0,0,0,0,0,0,0,0,0,0,0,0,0,0,0,0,0,0,0,0,10,10,5,30,8,11,14,21,0,0,0,0,0,0,0,0,0,0,0,0,0,0,0,0,0,0,0,0,0,0,0,0,0,0,0,0,0
Eukaryota;Ascomycota;Pezizomycetes;Pezizales;Pyronemataceae;Scutellinia;Scutellinia sp. OTU075 AN-2016,0,0,0,0,0,0,0,0,0,0,0,0,0,0,0,0,0,0,0,0,0,0,0,0,0,0,0,0,0,0,21,0,0,0,0,0,0,0,0,0,0,0,0,0,0,0,0,0,0,0,0,0,0,0,0,0,0
Eukaryota;Ascomycota;Saccharomycetes;Saccharomycetales;Debaryomycetaceae;Debaryomyces;,0,0,0,0,0,0,0,0,0,0,0,0,0,0,0,0,0,0,0,0,0,0,0,0,0,0,0,0,0,0,33,0,0,0,0,26,0,0,0,0,0,34,0,0,0,0,0,0,0,0,0,0,0,0,0,0,0
Eukaryota;Ascomycota;Saccharomycetes;Saccharomycetales;Debaryomycetaceae;Debaryomyces;Debaryomyces hansenii,0,0,0,0,0,0,0,0,0,0,0,0,0,0,0,0,0,0,0,0,0,0,0,0,0,0,0,0,32,46,0,37,0,24,25,0,0,0,0,0,27,0,49,0,34,0,0,0,0,0,0,0,0,0,0,0,0
Eukaryota;Ascomycota;Saccharomycetes;Saccharomycetales;NA;;,0,0,0,0,0,0,0,0,0,0,0,0,0,0,0,0,0,0,0,0,0,0,0,0,0,0,0,0,0,0,0,0,18,0,0,0,29,30,34,41,0,0,0,34,0,0,0,0,0,0,0,0,0,0,0,0,0
Eukaryota;Ascomycota;Saccharomycetes;Saccharomycetales;NA;Candida;Candida sake,0,0,0,0,0,0,0,0,0,0,0,0,0,0,0,0,0,0,0,0,0,0,11,0,0,0,0,0,0,0,0,0,0,0,0,0,0,0,0,0,0,0,0,0,0,0,0,0,0,0,0,0,0,0,0,0,0
Eukaryota;Ascomycota;Sordariomycetes;Diaporthales;Harknessiaceae;Harknessia;,0,0,0,0,0,0,0,0,0,6,0,0,0,0,0,0,0,0,0,0,0,0,0,0,0,0,0,0,0,0,0,0,0,0,0,0,0,0,0,0,0,0,0,0,0,0,0,0,0,0,0,0,0,0,0,0,0
Eukaryota;Ascomycota;Sordariomycetes;Diaporthales;Harknessiaceae;Harknessia;Harknessia ravenstreetina,0,0,0,0,0,0,0,0,10,0,0,0,0,0,0,0,6,0,0,0,0,0,0,0,0,0,0,0,0,0,0,0,0,0,0,0,0,0,0,0,0,0,0,0,0,0,0,0,0,0,0,0,0,0,0,0,0
Eukaryota;Ascomycota;Sordariomycetes;Diaporthales;Schizoparmaceae;Coniella;Coniella fragariae,0,0,0,0,270,288,269,291,320,282,332,285,310,252,284,268,213,261,225,243,0,0,0,0,0,0,0,0,0,0,0,0,0,0,0,0,0,0,0,0,0,0,0,0,0,0,0,0,0,0,0,0,0,0,0,0,0
Eukaryota;Ascomycota;Sordariomycetes;Diaporthales;Valsaceae;Phomopsis;Phomopsis columnaris,0,0,0,0,0,0,0,0,0,0,0,0,0,0,0,0,0,0,0,0,0,0,0,0,0,5,0,0,0,0,0,0,0,0,0,0,0,0,0,0,0,0,0,0,0,0,0,0,0,0,0,0,0,0,0,0,0
Eukaryota;Ascomycota;Sordariomycetes;Glomerellales;Plectosphaerellaceae;NA;,0,0,0,0,0,0,0,0,0,0,0,0,0,0,0,0,0,0,0,0,0,0,0,0,0,0,0,0,0,0,0,0,0,0,0,5,0,8,0,0,0,0,0,0,0,0,0,0,0,0,0,0,0,0,0,0,0
Eukaryota;Ascomycota;Sordariomycetes;Hypocreales;Bionectriaceae;Gliomastix;Gliomastix murorum,0,0,0,0,0,0,0,0,0,0,0,0,0,0,0,0,0,0,0,0,21,14,0,25,11,22,27,21,8,11,20,0,8,0,23,0,17,0,8,0,0,16,0,0,0,0,0,0,0,0,0,0,0,0,0,0,0
Eukaryota;Ascomycota;Sordariomycetes;Hypocreales;Bionectriaceae;Hydropisphaera;Hydropisphaera erubescens,0,0,0,0,0,0,0,0,0,0,0,0,0,0,0,0,0,0,0,0,0,0,0,0,0,0,0,0,0,0,0,0,6,0,0,0,0,0,5,0,0,0,0,0,0,0,0,0,0,0,0,0,0,0,0,0,0
Eukaryota;Ascomycota;Sordariomycetes;Hypocreales;Clavicipitaceae;Metapochonia;Metapochonia suchlasporia,0,0,0,0,0,0,0,0,0,0,0,0,0,0,0,0,0,0,0,0,187,158,145,138,168,191,165,130,0,0,0,0,0,0,0,0,0,0,0,0,0,0,0,0,0,0,0,0,0,0,0,0,0,0,0,0,0
Eukaryota;Ascomycota;Sordariomycetes;Hypocreales;Clavicipitaceae;Metarhizium;Metarhizium carneum,0,0,0,0,6,5,0,8,0,0,6,0,0,0,0,0,0,7,0,0,351,361,432,375,345,353,371,449,158,140,0,135,170,140,124,119,120,107,132,130,127,140,105,132,109,0,0,0,0,8,0,8,0,0,0,0,0
Eukaryota;Ascomycota;Sordariomycetes;Hypocreales;Clavicipitaceae;Metarhizium;Metarhizium marquandii,0,0,0,0,0,0,0,0,0,0,0,0,0,0,0,0,0,0,0,0,0,0,0,0,0,0,0,0,43,38,45,41,30,54,55,52,43,36,35,28,54,36,51,62,38,0,0,0,0,0,0,0,0,0,0,0,0
Eukaryota;Ascomycota;Sordariomycetes;Hypocreales;Clavicipitaceae;Paecilomyces;Paecilomyces sp. KUC5016,0,0,0,0,0,0,0,0,0,0,0,0,0,0,0,0,0,0,0,0,0,0,0,0,0,0,0,0,0,0,0,0,0,0,0,0,0,0,0,0,0,0,0,0,0,0,0,0,0,53,72,57,54,61,90,41,70
Eukaryota;Ascomycota;Sordariomycetes;Hypocreales;Cordycipitaceae;Simplicillium;Simplicillium lanosoniveum,0,0,0,0,0,0,0,0,0,0,0,0,0,0,0,0,0,0,0,0,0,0,0,0,0,0,0,0,45,31,33,32,53,31,31,29,44,24,42,34,29,36,36,35,28,0,0,0,0,0,0,0,0,0,0,0,0
Eukaryota;Ascomycota;Sordariomycetes;Hypocreales;Hypocreaceae;Trichoderma;,24,30,53,30,0,0,8,10,22,0,8,0,10,5,22,9,0,0,9,24,95,107,76,102,98,101,116,66,78,81,105,68,110,84,106,86,123,108,91,101,68,97,113,68,68,10,13,0,0,22,0,0,10,0,0,0,14
Eukaryota;Ascomycota;Sordariomycetes;Hypocreales;Hypocreaceae;Trichoderma;Trichoderma citrinoviride,0,0,0,0,0,0,0,0,0,0,0,0,0,0,0,0,0,0,0,0,27,0,18,0,0,0,0,10,0,0,0,0,0,0,0,0,0,0,0,0,0,0,0,0,0,0,0,0,0,0,0,0,0,0,0,0,0
Eukaryota;Ascomycota;Sordariomycetes;Hypocreales;Hypocreaceae;Trichoderma;Trichoderma hamatum,0,0,0,0,0,0,0,0,0,0,0,0,0,0,0,0,0,0,0,0,689,599,738,655,778,758,844,770,0,0,0,0,0,0,0,0,0,0,0,0,0,0,0,0,0,0,0,0,0,0,0,0,0,0,0,0,0
Eukaryota;Ascomycota;Sordariomycetes;Hypocreales;Hypocreaceae;Trichoderma;Trichoderma oblongisporum,0,0,0,0,0,0,0,0,0,0,0,0,0,0,0,0,0,0,0,0,0,0,0,0,0,0,0,0,0,0,0,0,0,0,0,0,0,0,0,0,0,0,0,0,0,0,0,0,0,22,33,51,68,25,29,31,17
Eukaryota;Ascomycota;Sordariomycetes;Hypocreales;NA;Acremonium;Acremonium cavaraeanum,0,0,0,0,0,0,0,0,0,0,0,0,0,0,0,0,0,0,0,0,0,0,0,0,0,0,0,0,0,0,0,0,0,0,0,6,0,0,0,0,0,0,0,0,0,0,0,0,0,0,0,0,0,0,0,0,0
Eukaryota;Ascomycota;Sordariomycetes;Hypocreales;Nectriaceae;Cosmospora;,0,0,0,0,0,0,0,0,0,0,0,0,0,0,0,0,0,0,0,0,0,0,0,0,0,0,0,0,0,0,0,0,0,0,0,0,0,0,0,0,0,0,0,0,0,10,6,0,0,0,0,0,0,0,0,0,0
Eukaryota;Ascomycota;Sordariomycetes;Hypocreales;Nectriaceae;Cosmospora;Cosmospora viridescens,0,0,0,0,0,0,0,0,0,0,0,0,0,0,0,0,0,0,0,0,0,0,0,0,0,0,0,0,0,0,0,0,0,0,0,0,0,0,0,0,0,0,0,0,0,5,13,0,0,0,0,0,0,0,0,0,0
Eukaryota;Ascomycota;Sordariomycetes;Hypocreales;Nectriaceae;Cylindrocarpon;,0,0,0,0,0,0,0,0,0,0,0,0,0,0,0,0,0,0,0,0,0,0,0,0,0,0,0,0,0,0,0,0,0,0,0,0,0,0,0,0,0,0,0,0,0,0,6,7,8,6,0,0,0,0,9,10,0
Eukaryota;Ascomycota;Sordariomycetes;Hypocreales;Nectriaceae;Cylindrocarpon;Cylindrocarpon sp. PB1-R7-A Lr,0,0,0,0,0,0,0,0,0,0,0,0,0,0,0,0,0,0,0,0,0,0,0,0,0,0,5,0,0,0,0,0,0,0,0,0,0,0,0,0,0,0,0,0,0,0,0,0,0,0,0,0,0,0,0,0,0
Eukaryota;Ascomycota;Sordariomycetes;Hypocreales;Nectriaceae;Fusarium;,5,0,0,0,0,0,0,0,0,0,0,0,7,0,0,0,5,0,0,0,0,0,0,0,0,0,0,0,0,5,0,6,0,0,0,0,0,5,0,0,0,0,0,0,0,0,0,0,0,0,0,0,0,0,0,0,0
Eukaryota;Ascomycota;Sordariomycetes;Hypocreales;Nectriaceae;Fusarium;Fusarium oxysporum,0,0,0,0,0,0,0,0,0,0,0,0,0,0,0,0,0,0,0,0,0,0,0,6,0,7,0,0,0,5,0,0,0,0,0,0,0,0,0,0,0,0,0,0,5,0,0,0,0,0,0,0,0,0,0,0,0
Eukaryota;Ascomycota;Sordariomycetes;Hypocreales;Nectriaceae;Ilyonectria;,0,0,0,0,0,0,0,0,0,0,0,0,0,0,0,0,0,0,0,0,0,0,0,0,0,0,0,0,0,0,0,0,0,0,0,0,0,0,0,0,0,0,0,0,0,0,0,0,0,0,0,0,0,5,0,5,0
Eukaryota;Ascomycota;Sordariomycetes;Hypocreales;Nectriaceae;NA;,0,0,0,0,0,0,0,0,0,0,0,0,0,0,0,0,0,0,0,0,0,0,0,0,0,0,0,7,0,0,0,0,0,0,0,0,0,0,0,0,0,0,0,0,0,16,40,15,11,0,8,5,5,0,0,0,0
Eukaryota;Ascomycota;Sordariomycetes;Hypocreales;Nectriaceae;Neonectria;,0,0,0,0,0,0,0,0,0,0,0,0,0,0,0,0,0,0,0,0,0,0,0,0,0,0,0,0,0,0,0,0,0,0,0,0,0,0,0,0,0,0,0,0,0,0,0,0,0,0,0,0,0,0,5,0,0
Eukaryota;Ascomycota;Sordariomycetes;Hypocreales;Ophiocordycipitaceae;Haptocillium;Haptocillium balanoides,0,0,0,0,0,0,0,0,0,0,0,0,0,0,0,0,0,0,0,0,6,24,0,0,0,0,0,0,0,0,0,0,0,0,0,0,0,0,0,0,0,0,0,0,0,0,0,0,0,0,0,0,0,0,0,0,0
Eukaryota;Ascomycota;Sordariomycetes;Hypocreales;Ophiocordycipitaceae;Hirsutella;Hirsutella strigosa,0,0,0,0,0,0,0,0,0,0,0,0,0,0,0,0,0,0,0,0,0,0,0,0,0,0,5,0,0,0,0,0,0,0,0,0,0,0,0,0,0,0,0,0,0,0,0,0,0,0,0,0,0,0,0,0,0
Eukaryota;Ascomycota;Sordariomycetes;Hypocreales;Stachybotryaceae;Myrothecium;Myrothecium sp. CL-2015,16,17,15,14,0,0,0,0,0,0,0,0,0,0,0,0,0,0,0,0,0,0,0,0,0,0,0,0,0,0,0,0,0,0,0,0,0,0,0,0,0,0,0,0,0,0,0,0,0,0,0,0,0,0,0,0,0
Eukaryota;Ascomycota;Sordariomycetes;Hypocreales;Stachybotryaceae;NA;,0,0,0,0,0,0,0,0,0,0,0,0,0,0,0,0,0,0,0,0,10,47,21,23,21,39,43,0,0,0,0,0,0,0,0,0,0,0,0,0,0,0,0,0,0,0,0,0,0,0,0,0,0,0,0,0,0
Eukaryota;Ascomycota;Sordariomycetes;NA;NA;Xylomelasma;Xylomelasma sp. EMSL 2471,0,0,0,0,0,0,0,0,0,0,0,0,0,0,0,0,0,0,0,0,32,19,20,0,12,12,8,11,0,0,0,0,0,0,0,0,0,0,0,0,0,0,0,0,0,0,0,0,0,0,0,0,0,0,0,0,0
Eukaryota;Ascomycota;Sordariomycetes;Ophiostomatales;Ophiostomataceae;Sporothrix;Sporothrix stenoceras,0,0,0,0,0,0,0,0,0,0,0,0,0,0,0,0,0,0,0,0,21,28,34,35,8,20,10,16,0,0,0,0,0,0,0,0,0,0,0,0,0,0,0,0,0,0,0,0,0,0,0,0,0,0,0,0,0
Eukaryota;Ascomycota;Sordariomycetes;Sordariales;Chaetomiaceae;Humicola;,0,0,0,0,0,0,0,0,0,0,0,0,0,0,0,0,0,0,0,0,0,6,5,7,0,0,0,0,0,0,0,0,0,0,0,0,0,0,0,0,0,0,0,0,0,0,0,0,0,0,0,0,0,0,0,0,0
Eukaryota;Ascomycota;Sordariomycetes;Sordariales;Lasiosphaeriaceae;Podospora;Podospora curvuloides,0,0,0,0,0,0,0,0,0,0,0,0,0,0,0,0,0,0,0,0,0,0,0,0,0,0,0,0,0,0,0,0,16,0,0,55,82,63,0,0,0,0,93,50,0,0,0,0,0,0,0,0,0,0,0,0,0
Eukaryota;Ascomycota;Sordariomycetes;Sordariales;Lasiosphaeriaceae;Podospora;Podospora glutinans,0,0,0,0,0,0,0,0,0,0,0,0,0,0,0,0,0,0,0,0,0,0,0,0,0,0,0,7,0,5,0,0,0,0,0,7,0,0,5,0,0,0,0,0,5,0,0,0,0,0,0,0,0,0,0,0,0
Eukaryota;Ascomycota;Sordariomycetes;Sordariales;Sordariaceae;Gelasinospora;Gelasinospora hippopotama,0,0,0,0,6,0,0,0,0,0,0,0,0,0,0,0,0,0,0,0,0,0,0,0,0,0,0,0,0,0,0,0,0,0,0,0,0,0,0,0,0,0,0,0,0,0,0,0,0,0,0,0,0,0,0,0,0
Eukaryota;Ascomycota;Sordariomycetes;Sordariales;Sordariaceae;Sordaria;,0,0,0,0,0,0,0,0,0,0,0,0,0,0,0,0,0,0,0,0,0,0,0,0,0,0,0,0,36,72,0,59,50,60,52,59,39,51,78,51,56,54,83,79,39,0,0,0,0,0,0,0,0,0,0,0,0
Eukaryota;Ascomycota;Sordariomycetes;Xylariales;Apiosporaceae;Arthrinium;,0,0,0,0,0,0,0,0,0,0,0,0,0,0,0,0,0,0,0,0,1363,1674,1746,1746,1702,1665,1770,1739,0,0,0,0,0,0,0,0,0,0,0,0,6,0,0,0,0,0,0,0,0,0,0,0,0,0,0,0,0
Eukaryota;Ascomycota;Sordariomycetes;Xylariales;Bartaliniaceae;Truncatella;Truncatella angustata,0,0,0,0,0,0,0,0,0,0,0,0,0,0,0,0,0,0,0,0,0,0,0,0,0,0,0,0,13,11,16,9,6,13,10,13,7,17,12,18,11,8,11,13,28,0,0,0,0,0,0,0,0,0,0,0,0
Eukaryota;Ascomycota;Sordariomycetes;Xylariales;Diatrypaceae;Diatrypella;Diatrypella verruciformis,5,0,0,0,0,0,0,6,0,0,0,0,0,0,0,0,0,0,0,0,0,0,0,0,0,0,0,0,0,0,0,0,0,0,0,0,0,0,0,0,0,0,0,0,0,0,0,0,0,0,0,0,0,0,0,0,0
Eukaryota;Ascomycota;Sordariomycetes;Xylariales;Hypoxylaceae;Hypoxylon;Hypoxylon crocopeplum,0,0,0,0,0,0,0,0,0,0,0,0,0,0,0,0,0,0,0,0,0,0,5,0,0,0,0,0,0,0,0,0,0,0,0,0,0,0,0,0,0,0,0,0,0,0,0,0,0,0,0,0,0,0,0,0,0
Eukaryota;Ascomycota;Sordariomycetes;Xylariales;Sporocadaceae;Pestalotiopsis;,0,0,0,0,0,0,0,0,0,0,0,0,0,0,0,0,0,0,0,0,0,0,0,0,0,0,0,0,0,5,0,0,0,0,0,0,0,0,0,0,0,0,0,0,0,0,0,0,0,0,0,0,0,0,0,0,0
Eukaryota;Ascomycota;Sordariomycetes;Xylariales;Xylariaceae;Anthostomella;Anthostomella leucospermi,0,0,0,0,0,0,0,0,0,0,0,6,0,0,0,0,0,0,0,0,0,0,0,0,0,0,0,0,0,0,0,0,0,0,0,0,0,0,0,0,0,0,0,0,0,0,0,0,0,0,0,0,0,0,0,0,0
Eukaryota;Ascomycota;Sordariomycetes;Xylariales;Xylariaceae;NA;,0,0,0,0,11,9,8,8,5,5,0,10,10,10,16,14,10,0,23,5,0,0,0,0,0,0,0,0,0,0,0,0,0,0,0,0,0,0,0,0,0,0,0,0,0,0,0,0,0,0,0,0,0,0,0,0,0
Eukaryota;Ascomycota;Sordariomycetes;Xylariales;Xylariaceae;Xylaria;,0,0,0,0,11,5,10,8,14,5,9,8,11,6,8,0,6,15,7,0,0,0,0,0,0,0,0,0,0,0,0,0,0,0,0,0,0,0,0,0,0,0,0,0,0,0,0,0,0,0,0,0,0,0,0,0,0
Eukaryota;Ascomycota;Sordariomycetes;Xylariales;Xylariaceae;Xylaria;Xylaria sp. 5 RV-2015,0,0,0,0,0,0,0,0,0,0,0,0,0,0,0,0,0,0,0,0,0,0,0,0,0,0,0,0,11,9,25,20,9,18,24,5,27,22,25,20,12,19,15,11,14,0,0,0,0,0,0,0,0,0,0,0,0
Eukaryota;Ascomycota;Sordariomycetes;Xylariales;Xylariaceae;Xylaria;Xylaria sp. XSCH10,0,0,0,0,0,5,0,0,0,0,0,0,0,0,5,0,0,0,0,0,0,0,0,0,0,0,0,0,0,0,0,0,0,0,0,0,0,0,0,0,0,0,0,0,0,0,0,0,0,0,0,0,0,0,0,0,0
Eukaryota;Bacillariophyta;Coscinodiscophyceae;Thalassiosirales;Thalassiosiraceae;Thalassiosira;Thalassiosira pseudonana,0,0,0,0,0,0,0,0,0,0,0,0,0,0,0,0,0,0,0,0,7,8,13,7,0,5,15,15,0,0,0,0,0,0,0,0,0,0,0,0,0,0,0,0,0,0,0,0,0,0,0,0,0,0,0,0,0
Eukaryota;Basidiomycota;Agaricomycetes;Agaricales;Agaricaceae;Agaricus;,0,0,0,0,0,0,0,0,0,0,0,0,0,0,0,0,0,0,0,0,0,0,0,0,0,0,0,0,0,0,0,0,0,0,0,0,0,0,0,0,0,0,0,0,0,0,0,0,0,8,0,0,5,0,0,0,0
Eukaryota;Basidiomycota;Agaricomycetes;Agaricales;Agaricaceae;Tulostoma;,2603,2408,2473,2668,0,0,0,0,0,0,0,0,0,0,0,0,0,0,0,0,0,0,0,0,0,0,0,0,0,0,0,0,0,0,0,0,0,0,0,0,0,0,0,0,0,0,0,0,0,0,0,0,0,0,0,0,0
Eukaryota;Basidiomycota;Agaricomycetes;Agaricales;Agaricaceae;Tulostoma;Tulostoma niveum,0,5,0,0,0,0,0,0,0,0,0,0,0,0,0,0,0,0,0,0,0,0,0,0,0,0,0,0,0,0,0,0,0,0,0,0,0,0,0,0,0,0,0,0,0,0,0,0,0,0,0,0,0,0,0,0,0
Eukaryota;Basidiomycota;Agaricomycetes;Agaricales;Bolbitiaceae;Conocybe;Conocybe nitrophila,0,0,0,0,0,0,0,0,0,0,0,0,0,0,0,0,0,0,0,0,0,0,0,0,0,0,0,0,62,66,93,46,58,71,65,67,57,43,63,68,65,80,42,55,60,0,0,0,0,0,0,0,0,0,0,0,0
Eukaryota;Basidiomycota;Agaricomycetes;Agaricales;Clavariaceae;Clavaria;Clavaria cf. fumosa TENN043695,0,0,0,0,0,0,0,0,0,0,0,0,0,0,0,0,0,0,0,0,0,0,0,0,0,0,0,0,0,0,0,0,0,0,0,0,0,0,0,0,0,0,0,0,0,0,0,0,0,35,0,0,0,0,0,0,0
Eukaryota;Basidiomycota;Agaricomycetes;Agaricales;Cortinariaceae;Cortinarius;Cortinarius sp. 400 VM-2015,0,0,0,0,0,0,0,0,0,0,0,0,0,0,0,0,0,0,0,0,0,0,0,0,0,0,0,0,0,0,0,0,0,0,0,0,0,0,0,0,0,0,0,0,0,0,0,0,0,0,0,11,0,0,0,0,0
Eukaryota;Basidiomycota;Agaricomycetes;Agaricales;Cortinariaceae;Cortinarius;Cortinarius sp. UBC F28435,0,0,0,0,0,0,0,0,0,0,0,0,0,0,0,0,0,0,0,0,0,0,0,0,0,0,0,0,0,0,0,0,0,0,0,0,0,0,0,0,0,0,0,0,0,0,0,0,0,37,51,61,15,51,58,52,46
Eukaryota;Basidiomycota;Agaricomycetes;Agaricales;Cortinariaceae;Hebeloma;,0,0,0,0,0,0,0,0,0,0,0,0,0,0,0,0,0,0,0,0,0,0,0,0,0,0,0,0,0,0,0,0,0,0,0,0,0,0,0,0,0,0,0,0,0,6,0,23,13,0,0,0,0,0,0,0,0
Eukaryota;Basidiomycota;Agaricomycetes;Agaricales;Cortinariaceae;Hebeloma;Hebeloma dunense,0,0,0,0,0,0,0,0,0,0,0,0,0,0,0,0,0,0,0,0,0,0,0,0,0,0,0,0,0,0,0,0,0,0,0,0,0,0,0,0,0,0,0,0,0,19,0,0,0,0,0,0,0,0,0,0,0
Eukaryota;Basidiomycota;Agaricomycetes;Agaricales;Cortinariaceae;Hebeloma;Hebeloma pamphiliense,0,0,0,0,0,0,0,0,0,0,0,0,0,0,0,0,0,0,0,0,0,0,0,0,0,0,0,0,37,29,0,26,34,41,39,34,28,18,32,24,46,21,26,30,20,0,0,0,0,0,0,0,0,0,0,0,0
Eukaryota;Basidiomycota;Agaricomycetes;Agaricales;Crepidotaceae;Simocybe;Simocybe sp. HMJAU sn,0,0,0,0,0,0,0,0,0,0,0,0,0,0,0,0,0,0,0,0,0,0,0,0,0,0,0,0,19,9,28,14,15,27,17,17,15,7,15,12,16,9,14,11,12,0,0,0,0,0,0,0,0,0,0,0,0
Eukaryota;Basidiomycota;Agaricomycetes;Agaricales;Entolomataceae;Clitopilus;,0,0,0,0,0,0,0,0,0,0,0,0,0,0,0,0,0,0,0,0,7,9,7,22,38,17,18,24,10,21,0,20,17,0,22,24,20,12,20,18,37,17,9,13,30,0,10,15,0,0,0,0,0,0,0,0,0
Eukaryota;Basidiomycota;Agaricomycetes;Agaricales;Entolomataceae;Clitopilus;Clitopilus prunulus,0,0,0,0,0,0,0,0,0,0,0,0,0,0,0,0,0,0,0,0,0,0,0,0,0,0,0,0,6196,5481,5575,6275,5928,6060,6162,5857,6092,5892,6193,6155,6199,5955,5733,5715,6180,0,0,0,0,0,0,0,0,0,0,0,0
Eukaryota;Basidiomycota;Agaricomycetes;Agaricales;Entolomataceae;Entoloma;,0,0,0,0,0,0,0,0,0,0,0,17,0,0,0,0,0,0,0,0,90,97,132,119,73,117,107,162,0,0,0,0,0,0,0,0,0,0,0,0,0,0,0,0,0,457,504,500,582,0,0,0,0,0,0,0,14
Eukaryota;Basidiomycota;Agaricomycetes;Agaricales;Entolomataceae;Entoloma;Entoloma byssisedum,0,0,0,0,0,0,0,0,0,0,0,0,0,0,0,0,0,0,0,0,0,0,0,0,0,0,0,0,0,0,0,0,0,0,0,0,0,0,0,0,0,0,0,0,0,296,294,345,313,0,0,0,0,0,0,0,0
Eukaryota;Basidiomycota;Agaricomycetes;Agaricales;Entolomataceae;Entoloma;Entoloma chalybaeum,0,0,0,0,0,0,0,0,0,0,0,0,0,0,0,0,0,0,0,0,0,0,0,0,0,0,0,0,0,0,0,0,0,0,0,0,0,0,0,0,0,0,0,0,0,221,239,218,276,249,276,267,267,212,284,186,256
Eukaryota;Basidiomycota;Agaricomycetes;Agaricales;Entolomataceae;Entoloma;Entoloma graphitipes,0,0,0,0,0,0,0,0,0,0,0,0,0,0,0,0,0,0,0,0,0,0,0,0,0,0,0,0,200,172,165,198,180,175,141,137,157,188,169,165,163,172,119,143,144,0,11,11,19,0,0,0,0,0,0,0,0
Eukaryota;Basidiomycota;Agaricomycetes;Agaricales;Entolomataceae;Entoloma;Entoloma mirum,0,0,0,0,0,0,0,0,0,0,0,0,0,0,0,0,0,0,0,0,0,0,0,0,0,0,0,0,0,0,0,0,0,0,0,0,0,0,0,0,0,0,0,0,0,0,0,0,0,9,0,0,6,15,20,9,21
Eukaryota;Basidiomycota;Agaricomycetes;Agaricales;Entolomataceae;Entoloma;Entoloma sp. H27,0,0,0,0,7,0,0,0,0,0,0,0,0,0,0,0,0,0,0,0,0,0,0,0,0,0,0,0,0,0,0,0,0,0,0,0,0,0,0,0,0,0,0,0,0,0,0,0,0,0,0,0,0,0,0,0,0
Eukaryota;Basidiomycota;Agaricomycetes;Agaricales;Entolomataceae;Entoloma;Entoloma vindobonense,0,0,26,0,0,0,0,0,0,0,0,14,0,0,0,0,0,0,0,6,0,0,0,0,0,0,0,0,0,0,0,0,0,0,0,0,0,0,0,0,0,0,0,0,0,327,313,407,326,340,310,276,349,280,286,230,331
Eukaryota;Basidiomycota;Agaricomycetes;Agaricales;Entolomataceae;Entoloma;Entoloma xanthochroum,0,0,0,0,0,0,0,0,0,0,0,0,0,0,0,0,0,0,0,0,0,0,0,0,0,0,0,0,0,0,0,0,0,0,0,0,0,0,0,0,0,0,0,0,0,13,0,16,11,0,0,0,0,0,10,0,10
Eukaryota;Basidiomycota;Agaricomycetes;Agaricales;Entolomataceae;Leptonia;Leptonia occidentalis,0,0,0,0,0,0,12,0,0,0,0,0,0,0,0,0,0,0,0,0,0,0,0,0,0,0,0,0,0,0,0,0,0,0,0,0,0,0,0,0,0,0,0,0,0,0,0,0,0,0,0,0,0,0,0,0,0
Eukaryota;Basidiomycota;Agaricomycetes;Agaricales;Entolomataceae;Rhodocybe;Rhodocybe tugrulii,54,45,49,66,0,0,0,0,0,0,0,0,0,0,0,0,0,0,0,0,0,0,0,0,0,0,0,0,0,0,0,0,0,0,0,0,0,0,0,0,0,0,0,0,0,0,0,0,0,0,0,0,0,0,0,0,0
Eukaryota;Basidiomycota;Agaricomycetes;Agaricales;Hygrophoraceae;Hygrocybe;,0,0,0,0,0,0,0,0,0,0,0,0,0,0,0,0,0,0,0,0,0,0,0,0,0,0,0,0,0,0,0,0,0,0,0,0,0,0,0,0,0,0,0,0,0,0,0,0,0,13,11,14,12,13,7,12,21
Eukaryota;Basidiomycota;Agaricomycetes;Agaricales;Hygrophoraceae;Hygrocybe;Hygrocybe aff. conica PBM 918,0,0,0,0,0,0,0,0,0,0,0,0,0,0,0,0,0,0,0,0,0,0,0,0,0,0,0,0,0,0,0,0,0,0,0,0,0,0,0,0,0,0,0,0,0,3167,3148,3077,3435,13979,14027,14151,14117,14284,14102,14376,14147
Eukaryota;Basidiomycota;Agaricomycetes;Agaricales;Hygrophoraceae;Hygrocybe;Hygrocybe conica,0,0,0,0,0,0,0,0,0,0,0,0,0,0,0,0,0,0,0,0,0,0,0,0,0,0,0,0,0,0,0,0,0,0,0,0,0,0,0,0,0,0,0,0,0,1319,1287,1393,1515,7,10,10,5,9,10,8,21
Eukaryota;Basidiomycota;Agaricomycetes;Agaricales;Inocybaceae;Inocybe;,0,0,0,0,0,0,0,0,0,0,0,0,0,0,0,0,0,0,0,0,0,0,0,0,0,0,0,0,0,0,0,0,0,0,0,0,0,0,0,0,0,0,0,0,0,19,12,6,12,0,0,0,0,0,0,0,0
Eukaryota;Basidiomycota;Agaricomycetes;Agaricales;Lycoperdaceae;Disciseda;Disciseda candida,10,0,16,11,0,0,0,0,0,0,0,0,0,0,0,0,0,0,0,0,0,0,0,0,0,0,0,0,0,0,0,0,0,0,0,0,0,0,0,0,0,0,0,0,0,0,0,0,0,0,0,0,0,0,0,0,0
Eukaryota;Basidiomycota;Agaricomycetes;Agaricales;Lyophyllaceae;Fibulochlamys;Fibulochlamys chilensis,0,0,0,0,0,0,0,0,0,0,0,0,0,0,0,0,0,0,0,0,17,23,20,8,8,28,0,18,0,0,0,0,0,0,0,0,0,0,0,0,0,0,0,0,0,0,0,0,0,0,0,0,0,0,0,0,0
Eukaryota;Basidiomycota;Agaricomycetes;Agaricales;Lyophyllaceae;Lyophyllum;Lyophyllum turcicum,0,0,0,0,0,0,0,0,0,0,0,0,0,0,0,0,0,0,0,0,0,0,0,0,0,0,0,0,0,0,0,0,0,0,0,0,0,0,0,0,0,0,0,0,0,0,0,0,0,45,41,35,49,33,34,15,35
Eukaryota;Basidiomycota;Agaricomycetes;Agaricales;Marasmiaceae;Marasmius;Marasmius tantulus,0,0,0,0,0,0,0,0,0,0,0,0,0,0,0,0,0,0,0,0,0,58,0,0,0,0,0,0,0,0,0,0,0,0,0,0,0,0,0,0,0,0,0,0,0,0,0,0,0,0,0,0,0,0,0,0,0
Eukaryota;Basidiomycota;Agaricomycetes;Agaricales;NA;;,0,0,0,13,7,0,0,0,0,0,0,6,7,0,0,0,0,0,0,0,0,0,0,0,12,5,0,7,13,14,38,14,21,0,9,14,0,20,8,0,5,21,9,0,36,0,0,0,0,0,0,0,0,0,0,0,0
Eukaryota;Basidiomycota;Agaricomycetes;Agaricales;Physalacriaceae;Cylindrobasidium;Cylindrobasidium sp. PDD 93221,0,0,0,0,0,0,0,0,0,0,0,0,0,0,0,0,0,0,0,0,0,0,0,0,0,0,0,0,0,0,0,0,0,0,0,0,0,0,0,0,0,0,0,0,0,0,0,0,6,0,0,0,0,0,0,0,0
Eukaryota;Basidiomycota;Agaricomycetes;Agaricales;Pleurotaceae;Nematoctonus;Nematoctonus leiosporus,0,0,0,0,0,0,0,0,0,0,0,0,0,0,0,0,0,0,0,0,0,0,0,0,0,0,0,0,9,10,0,9,13,12,8,12,0,12,9,16,14,15,17,10,8,0,0,0,0,0,0,0,0,0,0,0,0
Eukaryota;Basidiomycota;Agaricomycetes;Agaricales;Pleurotaceae;Nematoctonus;Nematoctonus pachysporus,0,0,0,0,0,0,0,0,0,0,0,0,0,0,0,0,0,0,0,0,40,24,63,37,45,66,42,44,0,0,0,0,0,0,0,0,0,0,0,0,0,0,0,0,0,0,0,0,0,0,0,0,0,0,0,0,0
Eukaryota;Basidiomycota;Agaricomycetes;Agaricales;Pluteaceae;Pluteus;,0,0,0,0,0,0,0,0,0,0,0,0,0,0,0,0,0,0,0,0,0,0,10,0,0,0,0,6,9,18,8,0,0,8,12,8,0,0,0,0,14,0,5,23,0,0,0,0,0,0,0,0,0,0,0,0,0
Eukaryota;Basidiomycota;Agaricomycetes;Agaricales;Pluteaceae;Pluteus;Pluteus brunneidiscus,0,0,0,0,0,0,0,0,0,0,0,0,0,0,0,0,0,0,0,0,33,48,44,19,33,48,56,50,0,0,0,0,0,0,0,0,0,0,0,0,0,0,0,0,0,0,0,0,0,0,0,0,0,0,0,0,0
Eukaryota;Basidiomycota;Agaricomycetes;Agaricales;Pluteaceae;Pluteus;Pluteus cervinus,0,0,0,0,0,0,0,0,0,0,0,0,0,0,0,0,0,0,0,0,0,0,0,0,0,0,0,0,0,0,0,0,0,0,0,0,0,0,0,0,0,0,0,0,0,0,0,0,10,0,0,0,0,0,0,0,0
Eukaryota;Basidiomycota;Agaricomycetes;Agaricales;Pluteaceae;Pluteus;Pluteus exiguus,0,0,0,0,0,0,0,0,0,0,0,0,0,0,0,0,0,0,0,0,0,0,0,0,0,0,0,0,426,416,351,397,347,361,310,361,346,344,413,382,406,417,353,378,335,0,0,0,0,0,0,0,0,0,0,0,0
Eukaryota;Basidiomycota;Agaricomycetes;Agaricales;Pluteaceae;Pluteus;Pluteus longistriatus,0,0,0,0,0,0,0,0,0,0,0,0,0,0,0,0,0,0,0,0,0,0,0,9,8,0,0,0,0,0,0,0,0,0,0,0,0,0,0,0,0,0,0,0,0,0,0,0,0,0,0,0,0,0,0,0,0
Eukaryota;Basidiomycota;Agaricomycetes;Agaricales;Psathyrellaceae;Coprinellus;,20,11,16,18,0,0,0,0,0,0,0,0,0,0,0,0,0,0,0,0,0,0,0,0,0,0,0,0,0,0,0,0,0,0,0,0,0,0,0,0,0,0,0,0,0,0,0,0,0,0,0,0,0,0,0,0,0
Eukaryota;Basidiomycota;Agaricomycetes;Agaricales;Psathyrellaceae;Coprinopsis;,0,0,0,0,0,0,0,0,0,0,0,0,0,0,0,0,0,0,0,0,0,0,0,0,0,0,11,0,0,0,0,0,0,0,0,0,0,0,0,0,0,0,0,0,0,0,0,0,0,0,0,0,0,0,0,0,0
Eukaryota;Basidiomycota;Agaricomycetes;Agaricales;Psathyrellaceae;Coprinopsis;Coprinopsis lagopus,0,0,0,0,0,0,0,0,0,0,0,0,0,0,0,0,0,0,0,0,0,0,0,0,0,0,0,0,0,0,0,0,0,0,6,0,0,0,0,0,0,0,0,0,0,0,0,0,0,0,0,0,0,0,0,0,0
Eukaryota;Basidiomycota;Agaricomycetes;Agaricales;Psathyrellaceae;Coprinopsis;Coprinopsis xenobia,0,0,0,0,0,0,0,0,0,0,0,0,0,0,0,0,0,0,0,0,0,0,0,0,0,0,0,7,0,0,0,0,0,0,0,0,0,0,0,0,0,0,0,0,0,0,0,0,0,0,0,0,0,0,0,0,0
Eukaryota;Basidiomycota;Agaricomycetes;Agaricales;Psathyrellaceae;Psathyrella;,0,0,0,0,0,0,0,0,0,0,0,0,0,0,0,0,0,0,0,0,0,0,0,0,0,0,0,0,0,0,0,0,0,0,0,0,0,0,0,0,0,0,0,0,0,0,0,0,0,30,29,48,30,37,27,56,28
Eukaryota;Basidiomycota;Agaricomycetes;Agaricales;Psathyrellaceae;Psathyrella;Psathyrella kellermanii,0,0,0,0,0,0,0,0,0,0,0,0,0,0,0,0,0,0,0,0,0,0,0,0,0,0,0,0,7,20,14,10,19,14,0,20,18,20,29,25,6,8,20,8,17,0,0,0,0,0,0,0,0,0,0,0,0
Eukaryota;Basidiomycota;Agaricomycetes;Agaricales;Strophariaceae;Deconica;Deconica montana,0,0,0,5,0,0,0,0,0,0,0,0,0,0,0,0,0,0,0,0,0,0,0,0,0,0,0,0,0,0,0,0,0,0,0,0,0,0,0,0,0,0,0,0,0,0,10,0,0,0,0,0,0,0,0,0,0
Eukaryota;Basidiomycota;Agaricomycetes;Agaricales;Strophariaceae;NA;,0,0,0,0,0,0,0,0,0,0,0,0,0,0,0,0,0,0,0,0,0,0,0,0,0,0,0,0,0,0,0,0,0,0,0,0,0,0,0,0,0,0,0,0,0,5,0,0,0,0,0,0,0,0,0,0,0
Eukaryota;Basidiomycota;Agaricomycetes;Agaricales;Strophariaceae;Pholiota;Pholiota adiposa,0,0,0,0,0,0,0,0,0,0,0,0,0,0,0,0,0,0,0,0,0,0,15,13,0,21,0,0,0,0,0,0,0,0,0,0,0,0,0,0,0,0,0,0,0,0,0,0,0,0,0,0,0,0,0,0,0
Eukaryota;Basidiomycota;Agaricomycetes;Agaricales;Strophariaceae;Stropharia;Stropharia aeruginosa,0,0,0,0,0,0,0,0,0,0,0,0,0,0,0,0,0,0,0,0,0,0,0,0,0,0,0,0,0,0,0,0,0,0,0,0,0,0,0,0,0,0,0,0,0,264,299,271,310,0,0,0,0,0,0,0,0
Eukaryota;Basidiomycota;Agaricomycetes;Agaricales;Tricholomataceae;Clitocybe;,0,0,0,0,0,0,0,0,0,9,0,0,0,0,0,5,0,0,0,0,0,0,0,0,0,0,0,0,0,0,0,0,0,0,0,0,0,0,0,0,0,0,0,0,0,0,0,0,0,0,0,0,0,0,0,0,0
Eukaryota;Basidiomycota;Agaricomycetes;Agaricales;Tricholomataceae;Dermoloma;Dermoloma sp. SAV4102,0,0,0,0,0,0,0,0,0,0,0,0,0,0,0,0,0,0,0,0,0,0,0,0,0,0,0,0,0,0,0,0,0,0,0,0,0,0,0,0,0,0,0,0,0,0,0,0,0,18,0,13,0,0,0,0,0
Eukaryota;Basidiomycota;Agaricomycetes;Agaricales;Tricholomataceae;Fayodia;Fayodia gracilipes,5,0,0,0,0,0,0,0,0,0,7,0,0,0,0,0,0,0,0,0,0,0,0,0,0,0,0,0,0,0,0,0,0,0,0,0,0,0,0,0,0,0,0,0,0,0,0,0,0,0,0,0,0,0,0,0,0
Eukaryota;Basidiomycota;Agaricomycetes;Agaricales;Tricholomataceae;Hemimycena;Hemimycena gracilis,0,0,0,0,0,0,0,0,0,0,0,0,0,0,0,0,0,0,0,0,0,0,0,0,0,0,0,0,0,0,0,0,0,0,0,0,0,0,0,0,0,0,0,0,0,0,7,0,0,0,0,0,0,0,0,0,0
Eukaryota;Basidiomycota;Agaricomycetes;Agaricales;Tricholomataceae;Hydropus;Hydropus scabripes,0,0,0,0,0,0,0,0,0,0,0,0,0,0,0,0,0,0,0,0,0,0,0,0,0,0,0,0,0,0,0,0,0,0,0,0,0,0,0,0,0,0,0,0,0,50,9,0,13,0,0,0,0,0,0,0,13
Eukaryota;Basidiomycota;Agaricomycetes;Agaricales;Tricholomataceae;Lepista;Lepista irina,0,0,0,0,0,0,0,0,0,0,0,0,0,0,0,0,0,0,0,0,0,0,0,0,0,0,0,0,0,0,0,0,0,0,0,0,0,0,0,0,0,0,0,0,0,0,16,0,0,10,0,0,0,0,0,0,0
Eukaryota;Basidiomycota;Agaricomycetes;Agaricales;Tricholomataceae;Lepista;Lepista sordida,0,0,0,0,0,0,0,0,0,0,0,0,0,0,0,0,0,5,0,0,0,0,0,0,0,0,0,0,0,0,0,0,0,0,0,0,0,0,0,0,0,0,0,0,0,0,0,0,0,0,0,0,0,0,0,0,0
Eukaryota;Basidiomycota;Agaricomycetes;Agaricales;Tricholomataceae;Omphalina;Omphalina pyxidata,21,19,64,24,0,0,0,0,0,0,0,0,0,0,0,0,0,0,0,0,0,0,0,0,0,0,0,0,0,0,0,0,0,0,0,0,0,0,0,0,0,0,0,0,0,0,0,0,0,0,0,0,0,0,0,0,0
Eukaryota;Basidiomycota;Agaricomycetes;Agaricales;Tricholomataceae;Paralepista;Paralepista flaccida,0,0,0,0,0,0,0,0,0,0,0,0,0,0,0,0,0,0,0,0,0,0,0,0,0,0,0,6,0,0,0,0,0,0,0,0,0,0,0,0,0,0,0,0,0,0,0,0,0,0,0,0,0,0,0,0,0
Eukaryota;Basidiomycota;Agaricomycetes;Cantharellales;Ceratobasidiaceae;Rhizoctonia;,0,0,0,0,0,0,0,0,0,0,0,0,0,0,0,0,0,0,0,0,0,0,0,0,0,5,0,0,0,0,0,0,0,0,0,0,0,0,0,0,0,0,0,0,0,0,0,0,0,0,0,0,0,0,0,0,0
Eukaryota;Basidiomycota;Agaricomycetes;Cantharellales;Ceratobasidiaceae;Rhizoctonia;Rhizoctonia solani,0,0,0,0,0,0,0,0,0,0,0,0,0,0,0,0,0,0,0,0,0,0,0,0,0,0,0,0,30,28,42,33,25,27,28,25,26,35,36,34,42,30,14,24,30,0,0,0,0,0,0,0,0,0,0,0,0
Eukaryota;Basidiomycota;Agaricomycetes;Cantharellales;Ceratobasidiaceae;Waitea;Waitea circinata,0,0,0,0,0,0,0,0,0,0,0,0,0,0,0,0,0,0,0,0,28,11,21,31,7,0,0,25,0,0,0,0,0,0,0,0,0,0,0,0,0,0,0,0,0,0,0,0,0,0,0,0,0,0,0,0,0
Eukaryota;Basidiomycota;Agaricomycetes;Cantharellales;NA;Minimedusa;Minimedusa polyspora,8,7,14,25,0,0,0,0,0,0,0,0,0,0,0,0,0,0,0,0,0,0,0,0,0,0,0,0,0,0,0,0,0,0,0,0,0,0,0,0,0,0,0,0,0,0,0,0,0,0,0,0,0,0,0,0,0
Eukaryota;Basidiomycota;Agaricomycetes;Corticiales;Corticiaceae;Hyphodontia;,0,0,0,0,0,0,0,0,0,0,0,0,0,0,0,0,0,0,0,0,0,0,0,0,0,11,0,0,0,0,0,0,0,0,0,0,0,0,0,0,0,0,0,0,0,0,0,0,0,0,0,0,0,0,0,0,0
Eukaryota;Basidiomycota;Agaricomycetes;Corticiales;Corticiaceae;Lyomyces;Lyomyces sambuci,0,0,0,0,0,0,0,0,0,0,0,0,0,0,0,0,0,0,0,0,0,0,20,10,0,0,0,10,0,0,0,0,0,0,0,0,0,0,0,0,0,0,0,0,0,0,0,0,0,0,0,0,0,0,0,0,0
Eukaryota;Basidiomycota;Agaricomycetes;Corticiales;Corticiaceae;NA;,0,0,0,0,0,0,0,0,0,0,0,0,0,0,0,0,0,0,0,0,0,0,0,0,0,0,0,0,469,573,593,440,528,508,422,535,467,579,514,547,455,552,511,521,485,0,0,0,0,0,0,0,0,0,0,0,0
Eukaryota;Basidiomycota;Agaricomycetes;Geastrales;Geastraceae;Geastrum;Geastrum floriforme,0,6,0,0,0,0,0,0,0,0,0,0,0,0,0,0,0,0,0,0,0,0,0,0,0,0,0,0,0,0,0,0,0,0,0,0,0,0,0,0,0,0,0,0,0,0,0,0,0,0,0,0,0,0,0,0,0
Eukaryota;Basidiomycota;Agaricomycetes;Hymenochaetales;Hymenochaetaceae;Fuscoporia;Fuscoporia ferrea,0,0,0,0,0,0,0,0,0,0,0,0,0,0,0,0,0,0,0,0,0,0,0,0,0,0,0,0,0,0,0,0,0,0,0,0,0,0,0,0,0,0,0,0,0,9,12,0,0,0,0,0,0,0,0,0,0
Eukaryota;Basidiomycota;Agaricomycetes;Hymenochaetales;Schizoporaceae;Schizopora;Schizopora radula,0,0,6,0,0,0,0,0,0,0,0,0,0,0,0,0,0,0,0,0,0,0,0,0,0,0,0,0,0,0,0,0,0,0,0,0,0,0,0,0,0,0,0,0,0,0,0,0,0,0,0,0,0,0,0,0,0
Eukaryota;Basidiomycota;Agaricomycetes;NA;;NA;,0,0,0,0,0,0,0,0,0,0,0,0,0,0,0,0,0,0,0,0,0,7,0,0,0,0,0,0,0,0,0,0,0,0,0,0,0,0,0,0,0,0,0,0,0,0,0,0,0,0,0,0,0,0,0,0,0
Eukaryota;Basidiomycota;Agaricomycetes;Polyporales;Irpicaceae;Byssomerulius;Byssomerulius corium,0,0,0,0,0,14,0,0,0,0,0,0,0,0,0,0,0,0,0,0,0,0,0,0,0,0,0,0,0,0,0,0,0,0,0,0,0,0,0,0,0,0,0,0,0,0,0,0,0,0,0,0,0,0,0,0,0
Eukaryota;Basidiomycota;Agaricomycetes;Polyporales;Irpicaceae;Meruliopsis;Meruliopsis sp. UC2023018,0,0,0,0,0,5,0,0,0,0,0,0,0,0,0,0,0,0,0,0,0,0,0,0,0,0,0,0,0,0,0,0,0,0,0,0,0,0,0,0,0,0,0,0,0,0,0,0,0,0,0,0,0,0,0,0,0
Eukaryota;Basidiomycota;Agaricomycetes;Polyporales;NA;NA;Aphyllophorales sp. WRCF-B4,0,0,0,0,0,0,0,0,0,0,0,0,0,0,0,0,0,0,0,0,6,0,0,0,0,0,0,0,0,0,0,0,0,0,0,0,0,0,0,0,0,0,0,0,0,0,0,0,0,0,0,0,0,0,0,0,0
Eukaryota;Basidiomycota;Agaricomycetes;Polyporales;Polyporaceae;Ganoderma;,0,0,0,0,0,0,0,0,0,0,0,0,0,0,0,0,0,0,0,0,13,0,9,7,0,11,0,6,0,0,0,0,0,0,0,0,0,0,0,0,0,0,0,0,0,0,0,0,0,0,0,0,0,0,0,0,0
Eukaryota;Basidiomycota;Agaricomycetes;Russulales;Peniophoraceae;Peniophora;,0,15,0,13,5,0,0,0,0,0,0,0,0,0,0,0,0,0,0,0,0,0,0,0,0,0,0,0,0,0,0,0,0,0,0,12,0,0,0,0,5,0,7,0,0,0,0,0,0,0,0,0,0,0,0,0,0
Eukaryota;Basidiomycota;Agaricomycetes;Russulales;Peniophoraceae;Peniophora;Peniophora sp. 1 LR-2016,8,14,0,0,0,0,0,0,0,0,0,0,0,0,0,0,0,0,0,0,0,0,0,0,0,0,0,0,0,0,0,0,0,0,0,0,0,0,0,0,0,0,0,0,0,0,0,0,0,0,0,0,0,0,0,0,0
Eukaryota;Basidiomycota;Agaricomycetes;Russulales;Russulaceae;Russula;,0,0,0,0,0,0,0,0,0,0,7,0,0,0,0,0,0,0,0,0,0,0,0,0,0,0,0,0,0,0,0,0,0,0,0,0,0,0,0,0,0,0,0,0,0,0,0,0,0,0,0,0,0,0,0,0,0
Eukaryota;Basidiomycota;Agaricomycetes;Sebacinales;Sebacinaceae;NA;Sebacinaceae sp. 5 MB-2012,22,15,0,15,0,0,0,0,0,0,0,0,0,0,0,0,0,0,0,0,0,0,0,0,0,0,0,0,331,381,344,246,314,360,302,295,333,343,307,381,362,286,348,322,322,0,0,0,0,0,0,0,0,0,0,0,0
Eukaryota;Basidiomycota;Agaricomycetes;Sebacinales;Sebacinaceae;Sebacina;Sebacina sp. Rr35,0,0,0,0,0,0,0,0,0,0,0,0,0,0,0,0,0,0,0,0,0,0,0,0,0,0,0,0,135,133,137,157,141,149,164,128,129,118,135,137,140,121,144,108,134,307,516,342,394,0,0,0,0,0,0,0,0
Eukaryota;Basidiomycota;Agaricomycetes;Thelephorales;Thelephoraceae;Tomentella;,0,0,0,0,0,0,0,0,0,0,0,0,0,0,0,0,0,0,0,0,0,0,0,0,0,0,0,0,0,0,0,0,0,0,0,0,0,0,0,0,0,0,0,0,0,7,19,0,0,0,0,0,0,0,0,0,0
Eukaryota;Basidiomycota;Agaricomycetes;Thelephorales;Thelephoraceae;Tomentella;Tomentella atramentaria,0,0,0,0,0,0,0,0,0,0,0,0,0,0,0,0,0,0,0,0,0,0,0,0,0,0,0,0,0,0,0,0,0,0,0,0,0,0,0,0,0,0,0,0,0,14,0,0,5,0,0,0,0,0,0,0,0
Eukaryota;Basidiomycota;Exobasidiomycetes;Entylomatales;NA;;,0,0,0,0,0,0,0,0,0,0,0,0,0,0,0,0,0,0,0,0,0,0,0,0,0,0,0,0,0,0,5,0,0,0,0,0,0,0,0,0,0,0,0,0,0,0,0,0,0,0,0,0,0,0,0,0,0
Eukaryota;Basidiomycota;Exobasidiomycetes;Entylomatales;NA;Tilletiopsis;,0,0,0,0,0,0,0,0,0,0,0,0,0,0,0,0,0,0,0,0,0,0,0,0,0,0,0,0,0,0,0,0,0,0,5,0,0,0,0,0,0,0,0,0,0,0,0,0,0,0,0,0,0,0,0,0,0
Eukaryota;Basidiomycota;Microbotryomycetes;Leucosporidiales;Leucosporidiaceae;Leucosporidium;Leucosporidium golubevii,0,0,0,0,0,0,0,0,0,0,0,0,0,0,0,0,0,0,0,0,0,0,0,0,0,0,0,0,0,0,0,0,0,0,0,0,0,0,0,0,0,0,0,5,0,0,0,0,0,0,0,0,0,0,0,0,0
Eukaryota;Basidiomycota;Tremellomycetes;Cystofilobasidiales;Mrakiaceae;Udeniomyces;Udeniomyces pyricola,9,0,5,0,0,0,0,0,0,0,0,0,0,0,0,0,0,0,0,0,0,0,0,0,0,0,0,0,0,0,0,0,0,0,0,0,0,0,0,0,0,0,0,0,0,0,0,0,0,0,0,0,0,0,0,0,0
Eukaryota;Basidiomycota;Tremellomycetes;Filobasidiales;Piskurozymaceae;Solicoccozyma;,0,0,0,0,0,0,0,0,0,5,0,0,0,0,0,0,0,0,0,0,0,0,0,0,0,0,0,0,0,0,0,0,0,0,0,0,0,0,0,0,0,0,0,0,0,0,0,0,0,0,0,0,0,0,0,0,0
Eukaryota;Basidiomycota;Tremellomycetes;Filobasidiales;Piskurozymaceae;Solicoccozyma;Solicoccozyma aeria,0,0,0,0,0,0,0,0,0,0,0,0,0,0,0,0,0,0,0,0,0,0,0,0,0,0,0,0,0,0,0,0,0,0,0,0,0,0,0,0,0,0,0,0,0,0,0,0,0,0,0,0,0,12,0,0,0
Eukaryota;Basidiomycota;Tremellomycetes;Filobasidiales;Piskurozymaceae;Solicoccozyma;Solicoccozyma terricola,0,0,0,0,0,0,0,0,0,0,0,0,0,0,0,0,0,0,0,0,0,0,0,0,0,0,0,0,0,0,0,0,0,0,0,0,0,0,0,0,0,0,0,0,0,0,0,0,0,6,0,5,0,12,0,0,0
Eukaryota;Basidiomycota;Tremellomycetes;Tremellales;Rhynchogastremataceae;Papiliotrema;Papiliotrema frias,0,0,0,0,0,0,0,0,0,0,0,0,0,0,0,0,0,0,0,0,0,0,0,0,0,0,0,0,0,0,0,0,0,0,0,0,0,0,0,0,5,0,0,0,0,0,0,0,0,0,0,0,0,0,0,0,0
Eukaryota;Basidiomycota;Tremellomycetes;Tremellales;Trimorphomycetaceae;Saitozyma;Saitozyma podzolica,0,0,0,0,0,0,0,0,0,0,0,0,0,0,0,0,0,0,0,0,0,6,0,0,0,0,0,0,0,0,0,0,0,0,0,0,0,0,0,0,0,0,0,0,0,0,0,0,0,0,0,0,0,0,0,0,0
Eukaryota;Chlorophyta;Chlorophyceae;Chlamydomonadales;Chlamydomonadaceae;Chlamydomonas;Chlamydomonas sp. SP2-18,0,0,0,0,0,0,0,0,0,0,0,0,0,0,0,0,0,0,0,0,0,0,0,0,0,7,0,0,0,0,0,0,0,0,0,0,0,0,0,0,0,0,0,0,0,0,0,0,0,0,0,0,0,0,0,0,0
Eukaryota;Chytridiomycota;Chytridiomycetes;Chytridiales;Chytridiaceae;Phlyctochytrium;Phlyctochytrium africanum,0,0,0,0,0,0,0,0,0,0,0,0,0,0,0,0,0,0,0,0,0,0,0,0,0,0,0,0,12,43,40,26,16,22,37,28,7,35,38,50,45,28,41,36,44,0,0,0,0,0,0,0,0,0,0,0,0
Eukaryota;Chytridiomycota;Chytridiomycetes;Lobulomycetales;Lobulomycetaceae;Lobulomyces;Lobulomyces sp. JEL178,0,0,0,0,0,0,0,0,0,0,0,0,0,0,0,0,0,0,0,0,12,10,14,8,13,9,0,7,0,0,0,0,0,0,0,0,0,0,0,0,0,0,0,0,0,0,0,0,0,0,0,0,0,0,0,0,0
Eukaryota;Chytridiomycota;Chytridiomycetes;Rhizophydiales;NA;Operculomyces;Operculomyces laminatus,0,0,0,0,0,0,0,0,0,0,0,0,0,0,0,0,0,0,0,0,43,30,44,36,32,20,34,50,9,6,7,0,7,0,8,9,0,0,17,0,0,15,0,5,0,0,0,0,0,0,0,0,0,0,0,0,0
Eukaryota;Mucoromycota;Glomeromycetes;Diversisporales;NA;Entrophospora;Entrophospora sp. JJ61,8,32,33,26,0,0,0,9,0,0,13,0,15,0,0,0,0,0,0,6,0,0,0,0,0,0,0,0,0,0,0,0,0,0,0,0,0,0,0,0,0,0,0,0,0,0,0,0,0,0,0,0,0,0,0,0,0
Eukaryota;Mucoromycota;Glomeromycetes;Glomerales;Glomeraceae;Glomus;Glomus sp. 1a4.2-2,0,0,0,0,0,0,0,0,0,0,0,0,0,0,0,0,0,0,0,0,0,0,0,0,0,0,0,0,0,0,0,0,0,0,0,0,0,0,0,5,0,0,0,0,0,0,0,0,0,0,0,0,0,0,0,0,0
Eukaryota;Mucoromycota;Glomeromycetes;Glomerales;Glomeraceae;Glomus;Glomus sp. 8 SUN-2011,0,0,0,0,0,0,0,0,0,0,0,0,0,0,0,0,0,0,0,0,0,0,0,0,0,0,0,0,0,0,0,0,0,0,0,0,0,0,5,0,0,0,0,0,0,0,0,0,0,0,0,0,0,0,0,0,0
Eukaryota;Mucoromycota;Glomeromycetes;Glomerales;Glomeraceae;Glomus;Glomus versiforme,0,0,0,0,0,0,0,0,0,0,0,0,0,0,0,0,0,0,0,0,0,0,0,0,0,0,0,0,0,0,79,0,0,0,0,0,0,0,0,0,0,0,0,0,0,8,0,0,0,0,0,0,0,0,0,0,0
Eukaryota;Mucoromycota;NA;Mortierellales;Mortierellaceae;Haplosporangium;Haplosporangium bisporale,0,0,0,0,0,0,0,0,0,0,0,0,0,0,0,0,0,0,0,0,0,12,17,21,10,0,0,38,0,0,0,0,0,0,0,0,0,0,0,0,0,0,0,0,0,0,0,0,0,0,0,0,0,0,0,0,0
Eukaryota;Mucoromycota;NA;Mortierellales;Mortierellaceae;Mortierella;,0,0,0,0,13,62,44,33,79,29,37,56,52,42,46,60,39,55,56,43,1052,1051,1203,1076,995,1153,1245,1321,0,0,0,6,0,0,5,6,0,0,8,0,0,5,0,0,0,0,0,0,0,9,8,7,6,11,0,7,5
Eukaryota;Mucoromycota;NA;Mortierellales;Mortierellaceae;Mortierella;Mortierella alpina,0,0,0,0,0,0,0,0,0,0,0,0,0,0,0,0,0,0,0,0,217,227,230,245,260,223,211,278,725,793,916,634,696,704,629,678,604,683,728,752,670,751,776,692,751,0,0,0,0,0,0,0,0,0,0,0,0
Eukaryota;Mucoromycota;NA;Mortierellales;Mortierellaceae;Mortierella;Mortierella capitata,0,0,0,0,0,0,0,0,0,0,0,0,0,0,0,0,0,0,0,0,0,0,22,5,6,9,0,12,0,0,0,0,0,0,0,0,0,7,0,0,0,0,0,0,0,0,0,0,0,0,0,0,0,0,0,0,0
Eukaryota;Mucoromycota;NA;Mortierellales;Mortierellaceae;Mortierella;Mortierella gamsii,0,0,0,0,0,0,0,0,0,0,0,0,0,0,0,0,0,0,0,0,0,0,0,0,0,0,0,0,0,7,5,0,5,0,0,0,7,0,5,0,5,0,0,8,6,0,0,0,0,0,0,0,0,0,0,0,0
Eukaryota;Mucoromycota;NA;Mortierellales;Mortierellaceae;Mortierella;Mortierella globulifera,0,0,0,0,0,0,0,0,0,0,0,0,0,0,0,0,0,0,0,0,0,0,0,0,0,0,0,0,0,0,0,0,0,0,0,0,0,0,0,0,0,0,0,0,0,0,5,6,6,0,0,0,0,0,8,0,0
Eukaryota;Mucoromycota;NA;Mortierellales;Mortierellaceae;Mortierella;Mortierella oligospora,0,0,0,0,0,0,0,0,0,0,0,0,0,0,0,0,0,0,0,0,0,0,0,0,0,0,0,0,34,0,0,33,0,0,32,0,0,0,0,0,0,27,0,0,41,0,0,0,0,0,0,0,0,0,0,0,0
Eukaryota;Mucoromycota;NA;Mortierellales;NA;;,0,0,0,0,0,0,0,0,0,0,0,0,0,0,0,0,0,0,0,0,0,0,0,0,0,0,0,0,0,0,0,0,0,0,0,0,0,0,0,0,0,0,0,0,0,0,0,0,0,0,0,0,0,8,0,0,0
Eukaryota;Mucoromycota;NA;Mucorales;Mucoraceae;Mucor;,0,0,0,0,0,0,0,0,0,0,0,0,0,0,0,0,0,0,0,0,6,0,0,0,0,0,29,0,41,45,66,29,41,42,7,38,7,47,30,34,31,34,57,43,34,0,0,0,0,0,0,0,0,0,0,0,0
Eukaryota;Mucoromycota;NA;Mucorales;Mucoraceae;Mucor;Mucor circinelloides,0,0,0,0,0,0,0,0,0,0,0,0,0,0,0,0,0,0,0,0,0,0,0,0,0,11,0,0,0,0,0,0,0,0,0,0,0,0,0,0,0,0,0,0,0,0,0,0,0,0,0,0,0,0,0,0,0
Eukaryota;Mucoromycota;NA;Mucorales;Mucoraceae;Mucor;Mucor racemosus,0,0,0,0,0,0,0,0,0,0,0,0,0,0,0,0,0,0,0,0,7,0,0,0,0,8,0,0,54,62,78,51,63,69,80,60,70,40,61,59,49,37,60,59,66,0,0,0,0,0,0,0,0,0,0,0,0
Eukaryota;Mucoromycota;NA;Umbelopsidales;Umbelopsidaceae;Umbelopsis;,39,49,0,0,0,0,0,0,0,0,0,0,0,0,0,0,0,0,0,0,0,0,0,0,0,0,0,0,0,0,0,0,0,0,0,0,0,0,0,0,0,0,0,0,0,0,0,0,0,0,0,0,0,0,0,0,0
Eukaryota;Mucoromycota;NA;Umbelopsidales;Umbelopsidaceae;Umbelopsis;Umbelopsis vinacea,0,0,0,37,0,0,0,0,0,0,0,0,0,0,0,0,0,0,0,0,0,0,0,0,0,0,0,0,0,0,0,0,0,0,0,0,0,0,0,0,0,0,0,0,0,0,0,0,0,0,0,0,0,0,0,0,0
Eukaryota;Streptophyta;Klebsormidiophyceae;Klebsormidiales;Klebsormidiaceae;Klebsormidium;Klebsormidium elegans,23,35,36,51,0,0,0,0,0,0,0,0,0,0,0,0,0,0,0,0,0,0,0,0,0,0,0,0,0,0,0,0,0,0,0,0,0,0,0,0,0,0,0,0,0,0,0,0,0,0,0,0,0,0,0,0,0
